test_error,# of Samples,Index of Predicted Column,Algorithm,algorithm
0.17253054033459356,288,0,Pearson Correlation,LassoCV
0.1805775155780542,268,0,Pearson Correlation,LassoCV
0.19928603203542816,248,0,Pearson Correlation,LassoCV
0.21780702899579588,228,0,Pearson Correlation,LassoCV
0.20327597967751124,208,0,Pearson Correlation,LassoCV
0.18599407354454459,188,0,Pearson Correlation,LassoCV
0.16981681582091693,168,0,Pearson Correlation,LassoCV
0.15856406764489425,148,0,Pearson Correlation,LassoCV
0.18589657357339726,128,0,Pearson Correlation,LassoCV
0.26059109986482837,108,0,Pearson Correlation,LassoCV
0.29013338035375064,88,0,Pearson Correlation,LassoCV
0.31574798058282477,68,0,Pearson Correlation,LassoCV
0.5050000711944564,48,0,Pearson Correlation,LassoCV
0.7017690605234949,28,0,Pearson Correlation,LassoCV
0.2166555811884121,288,1,Pearson Correlation,LassoCV
0.24359331027628928,268,1,Pearson Correlation,LassoCV
0.22709799163044783,248,1,Pearson Correlation,LassoCV
0.2238127756329212,228,1,Pearson Correlation,LassoCV
0.30404948022110395,208,1,Pearson Correlation,LassoCV
0.25152241885021653,188,1,Pearson Correlation,LassoCV
0.2350217113014431,168,1,Pearson Correlation,LassoCV
0.27602010697659574,148,1,Pearson Correlation,LassoCV
0.29650969555779727,128,1,Pearson Correlation,LassoCV
0.2763386994198651,108,1,Pearson Correlation,LassoCV
0.3237454071328847,88,1,Pearson Correlation,LassoCV
0.2871409508997421,68,1,Pearson Correlation,LassoCV
0.34703360523604515,48,1,Pearson Correlation,LassoCV
0.29248108179124355,28,1,Pearson Correlation,LassoCV
0.4444277468120756,288,2,Pearson Correlation,LassoCV
0.45338857557779355,268,2,Pearson Correlation,LassoCV
0.46445598623536277,248,2,Pearson Correlation,LassoCV
0.4758086313741912,228,2,Pearson Correlation,LassoCV
0.5032030235274177,208,2,Pearson Correlation,LassoCV
0.5044625155308579,188,2,Pearson Correlation,LassoCV
0.4792695228593102,168,2,Pearson Correlation,LassoCV
0.49302598411484405,148,2,Pearson Correlation,LassoCV
0.5089654422570499,128,2,Pearson Correlation,LassoCV
0.49628748919991955,108,2,Pearson Correlation,LassoCV
0.46534363040180676,88,2,Pearson Correlation,LassoCV
0.44494579912518883,68,2,Pearson Correlation,LassoCV
0.41321671958272205,48,2,Pearson Correlation,LassoCV
0.6751663835488143,28,2,Pearson Correlation,LassoCV
0.4549815432208577,288,3,Pearson Correlation,LassoCV
0.41589663639186086,268,3,Pearson Correlation,LassoCV
0.4331266052668233,248,3,Pearson Correlation,LassoCV
0.46506495374150836,228,3,Pearson Correlation,LassoCV
0.4827806761128757,208,3,Pearson Correlation,LassoCV
0.42652447947381095,188,3,Pearson Correlation,LassoCV
0.42973509652020336,168,3,Pearson Correlation,LassoCV
0.45210538284316687,148,3,Pearson Correlation,LassoCV
0.6531975044075641,128,3,Pearson Correlation,LassoCV
0.5902667884177716,108,3,Pearson Correlation,LassoCV
0.5790185655905108,88,3,Pearson Correlation,LassoCV
0.61036254179763,68,3,Pearson Correlation,LassoCV
0.6038880748471486,48,3,Pearson Correlation,LassoCV
0.5262913388656104,28,3,Pearson Correlation,LassoCV
0.07518147267813967,288,4,Pearson Correlation,LassoCV
0.08156310168789895,268,4,Pearson Correlation,LassoCV
0.08670399341915465,248,4,Pearson Correlation,LassoCV
0.08323457691206519,228,4,Pearson Correlation,LassoCV
0.0909651395369417,208,4,Pearson Correlation,LassoCV
0.09587643806055973,188,4,Pearson Correlation,LassoCV
0.09859154613318992,168,4,Pearson Correlation,LassoCV
0.10634775853199933,148,4,Pearson Correlation,LassoCV
0.11565559820015348,128,4,Pearson Correlation,LassoCV
0.1199405266225249,108,4,Pearson Correlation,LassoCV
0.12516464695934282,88,4,Pearson Correlation,LassoCV
0.13499921478951915,68,4,Pearson Correlation,LassoCV
0.1437821039069522,48,4,Pearson Correlation,LassoCV
0.11123385623044842,28,4,Pearson Correlation,LassoCV
0.32082571621334227,288,5,Pearson Correlation,LassoCV
0.46064114794917277,268,5,Pearson Correlation,LassoCV
0.4524164034199532,248,5,Pearson Correlation,LassoCV
0.4903869331899828,228,5,Pearson Correlation,LassoCV
0.5177638055136998,208,5,Pearson Correlation,LassoCV
0.4752133953034237,188,5,Pearson Correlation,LassoCV
0.52418962779704,168,5,Pearson Correlation,LassoCV
0.48666835664359853,148,5,Pearson Correlation,LassoCV
0.4845733956302118,128,5,Pearson Correlation,LassoCV
0.5057939067628052,108,5,Pearson Correlation,LassoCV
0.5018261390573523,88,5,Pearson Correlation,LassoCV
0.5837723878728259,68,5,Pearson Correlation,LassoCV
0.5511271679017872,48,5,Pearson Correlation,LassoCV
0.6412522405262756,28,5,Pearson Correlation,LassoCV
0.4612600055196496,288,6,Pearson Correlation,LassoCV
0.4660709948177429,268,6,Pearson Correlation,LassoCV
0.448677541561264,248,6,Pearson Correlation,LassoCV
0.4471685693929988,228,6,Pearson Correlation,LassoCV
0.44782744696035987,208,6,Pearson Correlation,LassoCV
0.4223949748238165,188,6,Pearson Correlation,LassoCV
0.4607688583801135,168,6,Pearson Correlation,LassoCV
0.45206233201024953,148,6,Pearson Correlation,LassoCV
0.4543696614312313,128,6,Pearson Correlation,LassoCV
0.4623373409005396,108,6,Pearson Correlation,LassoCV
0.5095993267167339,88,6,Pearson Correlation,LassoCV
0.5191750298933752,68,6,Pearson Correlation,LassoCV
0.5252888303261556,48,6,Pearson Correlation,LassoCV
0.5211237853739531,28,6,Pearson Correlation,LassoCV
0.31428124667807594,288,7,Pearson Correlation,LassoCV
0.30861635261644244,268,7,Pearson Correlation,LassoCV
0.3013268128804267,248,7,Pearson Correlation,LassoCV
0.31260511219808146,228,7,Pearson Correlation,LassoCV
0.3141139158192176,208,7,Pearson Correlation,LassoCV
0.32476979651173826,188,7,Pearson Correlation,LassoCV
0.3298365010456634,168,7,Pearson Correlation,LassoCV
0.33341983103393796,148,7,Pearson Correlation,LassoCV
0.3164024299326557,128,7,Pearson Correlation,LassoCV
0.29792484424674925,108,7,Pearson Correlation,LassoCV
0.2865477557432542,88,7,Pearson Correlation,LassoCV
0.5802192747643858,68,7,Pearson Correlation,LassoCV
0.6070557583983135,48,7,Pearson Correlation,LassoCV
0.4415131499720652,28,7,Pearson Correlation,LassoCV
0.6048322855989845,288,8,Pearson Correlation,LassoCV
0.6064624564467163,268,8,Pearson Correlation,LassoCV
0.6707158160902694,248,8,Pearson Correlation,LassoCV
0.6697640458504227,228,8,Pearson Correlation,LassoCV
0.6560868307792618,208,8,Pearson Correlation,LassoCV
0.6405866373236532,188,8,Pearson Correlation,LassoCV
0.6318149509666106,168,8,Pearson Correlation,LassoCV
0.6117137836570827,148,8,Pearson Correlation,LassoCV
0.5830998030567772,128,8,Pearson Correlation,LassoCV
0.5606447003427215,108,8,Pearson Correlation,LassoCV
0.5667050832546701,88,8,Pearson Correlation,LassoCV
0.5667208173529459,68,8,Pearson Correlation,LassoCV
0.5751439406203701,48,8,Pearson Correlation,LassoCV
0.6979564717654331,28,8,Pearson Correlation,LassoCV
0.29996599058544193,288,9,Pearson Correlation,LassoCV
0.360339938066117,268,9,Pearson Correlation,LassoCV
0.31867136730109724,248,9,Pearson Correlation,LassoCV
0.3105455464109517,228,9,Pearson Correlation,LassoCV
0.3279169203577233,208,9,Pearson Correlation,LassoCV
0.31719076151159137,188,9,Pearson Correlation,LassoCV
0.3175663802691137,168,9,Pearson Correlation,LassoCV
0.28335589916822035,148,9,Pearson Correlation,LassoCV
0.26374876971840217,128,9,Pearson Correlation,LassoCV
0.2583394594790074,108,9,Pearson Correlation,LassoCV
0.25852230046510155,88,9,Pearson Correlation,LassoCV
0.27958783299569256,68,9,Pearson Correlation,LassoCV
0.27612258221761654,48,9,Pearson Correlation,LassoCV
0.7675278592853513,28,9,Pearson Correlation,LassoCV
0.3720837708646318,288,10,Pearson Correlation,LassoCV
0.4004050521813723,268,10,Pearson Correlation,LassoCV
0.4049544437103762,248,10,Pearson Correlation,LassoCV
0.40644741756768926,228,10,Pearson Correlation,LassoCV
0.4211198234140057,208,10,Pearson Correlation,LassoCV
0.4682644908235281,188,10,Pearson Correlation,LassoCV
0.4658694271257054,168,10,Pearson Correlation,LassoCV
0.4981658434763616,148,10,Pearson Correlation,LassoCV
0.49470556795127907,128,10,Pearson Correlation,LassoCV
0.5589784428393192,108,10,Pearson Correlation,LassoCV
0.5540748101630334,88,10,Pearson Correlation,LassoCV
0.6244186418795533,68,10,Pearson Correlation,LassoCV
0.39178276776429605,48,10,Pearson Correlation,LassoCV
0.4995556102660513,28,10,Pearson Correlation,LassoCV
0.11678557705320407,288,11,Pearson Correlation,LassoCV
0.29899565704955594,268,11,Pearson Correlation,LassoCV
0.2906190030680395,248,11,Pearson Correlation,LassoCV
0.25899514724990985,228,11,Pearson Correlation,LassoCV
0.27928323174831726,208,11,Pearson Correlation,LassoCV
0.3334342011012498,188,11,Pearson Correlation,LassoCV
0.3758163189835341,168,11,Pearson Correlation,LassoCV
0.38005830588470135,148,11,Pearson Correlation,LassoCV
0.33486700398710045,128,11,Pearson Correlation,LassoCV
0.3095281568776712,108,11,Pearson Correlation,LassoCV
0.3186224073286503,88,11,Pearson Correlation,LassoCV
0.3577287945536673,68,11,Pearson Correlation,LassoCV
0.46092943217169396,48,11,Pearson Correlation,LassoCV
0.4946996299507429,28,11,Pearson Correlation,LassoCV
0.17809061737396592,288,12,Pearson Correlation,LassoCV
0.2286229460309318,268,12,Pearson Correlation,LassoCV
0.22897770398290782,248,12,Pearson Correlation,LassoCV
0.2504106817646026,228,12,Pearson Correlation,LassoCV
0.22380059024975552,208,12,Pearson Correlation,LassoCV
0.19557815222190256,188,12,Pearson Correlation,LassoCV
0.17308467277184625,168,12,Pearson Correlation,LassoCV
0.1890574416490344,148,12,Pearson Correlation,LassoCV
0.2173275712544016,128,12,Pearson Correlation,LassoCV
0.3239928550858612,108,12,Pearson Correlation,LassoCV
0.21732006864259215,88,12,Pearson Correlation,LassoCV
0.2818955098967925,68,12,Pearson Correlation,LassoCV
0.3390368627973146,48,12,Pearson Correlation,LassoCV
0.37029521687177763,28,12,Pearson Correlation,LassoCV
0.48293461661242837,288,13,Pearson Correlation,LassoCV
0.49986171987704237,268,13,Pearson Correlation,LassoCV
0.4755409681261044,248,13,Pearson Correlation,LassoCV
0.48068643180254905,228,13,Pearson Correlation,LassoCV
0.5032664060909015,208,13,Pearson Correlation,LassoCV
0.4913651798699851,188,13,Pearson Correlation,LassoCV
0.5100471338654922,168,13,Pearson Correlation,LassoCV
0.47387403422328106,148,13,Pearson Correlation,LassoCV
0.41570182478146894,128,13,Pearson Correlation,LassoCV
0.49193434137695596,108,13,Pearson Correlation,LassoCV
0.44848804602412384,88,13,Pearson Correlation,LassoCV
0.579866223630298,68,13,Pearson Correlation,LassoCV
0.5920215523949336,48,13,Pearson Correlation,LassoCV
0.46526706238221593,28,13,Pearson Correlation,LassoCV
0.21843900729909493,288,14,Pearson Correlation,LassoCV
0.1952486927008951,268,14,Pearson Correlation,LassoCV
0.2245278434642366,248,14,Pearson Correlation,LassoCV
0.23250190646548866,228,14,Pearson Correlation,LassoCV
0.2709636735744772,208,14,Pearson Correlation,LassoCV
0.27840532382493305,188,14,Pearson Correlation,LassoCV
0.2693555868409485,168,14,Pearson Correlation,LassoCV
0.35375661735319697,148,14,Pearson Correlation,LassoCV
0.38869211225527556,128,14,Pearson Correlation,LassoCV
0.3682384737785142,108,14,Pearson Correlation,LassoCV
0.39191424451805984,88,14,Pearson Correlation,LassoCV
0.3291017866094393,68,14,Pearson Correlation,LassoCV
0.34738513860186754,48,14,Pearson Correlation,LassoCV
0.4981248148536806,28,14,Pearson Correlation,LassoCV
0.17929079115707355,288,15,Pearson Correlation,LassoCV
0.18558893281480782,268,15,Pearson Correlation,LassoCV
0.19028899926970125,248,15,Pearson Correlation,LassoCV
0.21519198670762407,228,15,Pearson Correlation,LassoCV
0.19687373692101906,208,15,Pearson Correlation,LassoCV
0.20616753849436573,188,15,Pearson Correlation,LassoCV
0.21879305889084263,168,15,Pearson Correlation,LassoCV
0.38735103807391763,148,15,Pearson Correlation,LassoCV
0.23361684897223967,128,15,Pearson Correlation,LassoCV
0.24910096889520986,108,15,Pearson Correlation,LassoCV
0.2810915370398486,88,15,Pearson Correlation,LassoCV
0.3066668962884797,68,15,Pearson Correlation,LassoCV
0.3173276709290966,48,15,Pearson Correlation,LassoCV
0.3741529629638416,28,15,Pearson Correlation,LassoCV
0.3851462621894912,288,16,Pearson Correlation,LassoCV
0.36644777275359974,268,16,Pearson Correlation,LassoCV
0.3707683354047819,248,16,Pearson Correlation,LassoCV
0.3810356373539565,228,16,Pearson Correlation,LassoCV
0.38918572376336985,208,16,Pearson Correlation,LassoCV
0.3980322396004367,188,16,Pearson Correlation,LassoCV
0.395990213382498,168,16,Pearson Correlation,LassoCV
0.34995328745920484,148,16,Pearson Correlation,LassoCV
0.42229872493776205,128,16,Pearson Correlation,LassoCV
0.5442436382032414,108,16,Pearson Correlation,LassoCV
0.441102423588511,88,16,Pearson Correlation,LassoCV
0.6090102043865911,68,16,Pearson Correlation,LassoCV
0.5306446754565427,48,16,Pearson Correlation,LassoCV
0.3658004091315054,28,16,Pearson Correlation,LassoCV
0.48098732465597593,288,17,Pearson Correlation,LassoCV
0.4651564782321196,268,17,Pearson Correlation,LassoCV
0.46759557360249965,248,17,Pearson Correlation,LassoCV
0.4415845489319121,228,17,Pearson Correlation,LassoCV
0.4598998992778672,208,17,Pearson Correlation,LassoCV
0.44153847406784297,188,17,Pearson Correlation,LassoCV
0.49070408000507787,168,17,Pearson Correlation,LassoCV
0.5709093519470924,148,17,Pearson Correlation,LassoCV
0.42074462323886563,128,17,Pearson Correlation,LassoCV
0.4239135287801048,108,17,Pearson Correlation,LassoCV
0.4475078556577001,88,17,Pearson Correlation,LassoCV
0.5892057186013314,68,17,Pearson Correlation,LassoCV
0.6332097275293765,48,17,Pearson Correlation,LassoCV
0.8939460114490784,28,17,Pearson Correlation,LassoCV
0.411375104501126,288,18,Pearson Correlation,LassoCV
0.3923727051008227,268,18,Pearson Correlation,LassoCV
0.3854549969448693,248,18,Pearson Correlation,LassoCV
0.40514617262442876,228,18,Pearson Correlation,LassoCV
0.3925452763991594,208,18,Pearson Correlation,LassoCV
0.42034895150544255,188,18,Pearson Correlation,LassoCV
0.42905528931654807,168,18,Pearson Correlation,LassoCV
0.45193351727531267,148,18,Pearson Correlation,LassoCV
0.5536890197581571,128,18,Pearson Correlation,LassoCV
0.47789840657828536,108,18,Pearson Correlation,LassoCV
0.45908235140493064,88,18,Pearson Correlation,LassoCV
0.28826045508588566,68,18,Pearson Correlation,LassoCV
0.29863028371192446,48,18,Pearson Correlation,LassoCV
0.35814589395347746,28,18,Pearson Correlation,LassoCV
0.5422065637330854,288,19,Pearson Correlation,LassoCV
0.5011614358846622,268,19,Pearson Correlation,LassoCV
0.48918132077250065,248,19,Pearson Correlation,LassoCV
0.49048741301203175,228,19,Pearson Correlation,LassoCV
0.5219875986782704,208,19,Pearson Correlation,LassoCV
0.5446355581949474,188,19,Pearson Correlation,LassoCV
0.5414735244938598,168,19,Pearson Correlation,LassoCV
0.6463898787786126,148,19,Pearson Correlation,LassoCV
0.6017996098811119,128,19,Pearson Correlation,LassoCV
0.6055714111293207,108,19,Pearson Correlation,LassoCV
0.5445291273455078,88,19,Pearson Correlation,LassoCV
0.5076325246916912,68,19,Pearson Correlation,LassoCV
0.49159561073833286,48,19,Pearson Correlation,LassoCV
0.7771255608610591,28,19,Pearson Correlation,LassoCV
0.5317954473563419,288,20,Pearson Correlation,LassoCV
0.5305091886714319,268,20,Pearson Correlation,LassoCV
0.6011960273546991,248,20,Pearson Correlation,LassoCV
0.5962493889386097,228,20,Pearson Correlation,LassoCV
0.5862533890244911,208,20,Pearson Correlation,LassoCV
0.5634373580782933,188,20,Pearson Correlation,LassoCV
0.5973201143414656,168,20,Pearson Correlation,LassoCV
0.6109732157668082,148,20,Pearson Correlation,LassoCV
0.6244874967282327,128,20,Pearson Correlation,LassoCV
0.6474369593837147,108,20,Pearson Correlation,LassoCV
0.615749772139521,88,20,Pearson Correlation,LassoCV
0.6162980770583284,68,20,Pearson Correlation,LassoCV
0.6483837636422649,48,20,Pearson Correlation,LassoCV
0.8031421664189048,28,20,Pearson Correlation,LassoCV
0.44316486525661897,288,21,Pearson Correlation,LassoCV
0.5571161875622866,268,21,Pearson Correlation,LassoCV
0.4624020030559861,248,21,Pearson Correlation,LassoCV
0.49412884074479924,228,21,Pearson Correlation,LassoCV
0.5011057694329333,208,21,Pearson Correlation,LassoCV
0.49039756867645473,188,21,Pearson Correlation,LassoCV
0.5245146214303943,168,21,Pearson Correlation,LassoCV
0.5553641223464044,148,21,Pearson Correlation,LassoCV
0.6978901984984148,128,21,Pearson Correlation,LassoCV
0.6504644121238071,108,21,Pearson Correlation,LassoCV
0.7026463905244557,88,21,Pearson Correlation,LassoCV
0.691847560412243,68,21,Pearson Correlation,LassoCV
0.6432558702980397,48,21,Pearson Correlation,LassoCV
0.5914965884610682,28,21,Pearson Correlation,LassoCV
0.35239573854658834,288,22,Pearson Correlation,LassoCV
0.3895159926664875,268,22,Pearson Correlation,LassoCV
0.3796287255297459,248,22,Pearson Correlation,LassoCV
0.3819570370263867,228,22,Pearson Correlation,LassoCV
0.39114100371957283,208,22,Pearson Correlation,LassoCV
0.41802535857879847,188,22,Pearson Correlation,LassoCV
0.439966944387058,168,22,Pearson Correlation,LassoCV
0.42899721953947373,148,22,Pearson Correlation,LassoCV
0.5201026355923858,128,22,Pearson Correlation,LassoCV
0.4184106532291973,108,22,Pearson Correlation,LassoCV
0.4803106983195331,88,22,Pearson Correlation,LassoCV
0.3479546327624618,68,22,Pearson Correlation,LassoCV
0.6036494492046542,48,22,Pearson Correlation,LassoCV
0.5550079480588489,28,22,Pearson Correlation,LassoCV
0.323550653514921,288,23,Pearson Correlation,LassoCV
0.35889336247533593,268,23,Pearson Correlation,LassoCV
0.30637373110522764,248,23,Pearson Correlation,LassoCV
0.30397739238708216,228,23,Pearson Correlation,LassoCV
0.3189625114319004,208,23,Pearson Correlation,LassoCV
0.3401984418350889,188,23,Pearson Correlation,LassoCV
0.231867011881736,168,23,Pearson Correlation,LassoCV
0.21385519248151755,148,23,Pearson Correlation,LassoCV
0.242845654626198,128,23,Pearson Correlation,LassoCV
0.2215652065681082,108,23,Pearson Correlation,LassoCV
0.2373554296587972,88,23,Pearson Correlation,LassoCV
0.3130207415004261,68,23,Pearson Correlation,LassoCV
0.18434319130651078,48,23,Pearson Correlation,LassoCV
0.2646357793890521,28,23,Pearson Correlation,LassoCV
0.2307637970940887,288,24,Pearson Correlation,LassoCV
0.22044223660419934,268,24,Pearson Correlation,LassoCV
0.23092139969817585,248,24,Pearson Correlation,LassoCV
0.24610916655822349,228,24,Pearson Correlation,LassoCV
0.24621898778390658,208,24,Pearson Correlation,LassoCV
0.25966749371532943,188,24,Pearson Correlation,LassoCV
0.2803974662848006,168,24,Pearson Correlation,LassoCV
0.2739674250150402,148,24,Pearson Correlation,LassoCV
0.3195589380497115,128,24,Pearson Correlation,LassoCV
0.3348235783797692,108,24,Pearson Correlation,LassoCV
0.2188267896270968,88,24,Pearson Correlation,LassoCV
0.4226963501632364,68,24,Pearson Correlation,LassoCV
0.45039033605745543,48,24,Pearson Correlation,LassoCV
0.6126197435465816,28,24,Pearson Correlation,LassoCV
0.46592811206584717,288,25,Pearson Correlation,LassoCV
0.48272796175555305,268,25,Pearson Correlation,LassoCV
0.4790099896024476,248,25,Pearson Correlation,LassoCV
0.48273440039252447,228,25,Pearson Correlation,LassoCV
0.48919839756028516,208,25,Pearson Correlation,LassoCV
0.49315208576656583,188,25,Pearson Correlation,LassoCV
0.48721684013247524,168,25,Pearson Correlation,LassoCV
0.462726066418834,148,25,Pearson Correlation,LassoCV
0.5625243529326996,128,25,Pearson Correlation,LassoCV
0.3915718482777095,108,25,Pearson Correlation,LassoCV
0.3997348989320817,88,25,Pearson Correlation,LassoCV
0.4033299583123273,68,25,Pearson Correlation,LassoCV
0.425248844569454,48,25,Pearson Correlation,LassoCV
0.4731380533227803,28,25,Pearson Correlation,LassoCV
0.38669250315672726,288,26,Pearson Correlation,LassoCV
0.21790765944999557,268,26,Pearson Correlation,LassoCV
0.2804538239638373,248,26,Pearson Correlation,LassoCV
0.24518827120618822,228,26,Pearson Correlation,LassoCV
0.35956996748018527,208,26,Pearson Correlation,LassoCV
0.26465911744646814,188,26,Pearson Correlation,LassoCV
0.3138707386241087,168,26,Pearson Correlation,LassoCV
0.3152381212422984,148,26,Pearson Correlation,LassoCV
0.36352213706485065,128,26,Pearson Correlation,LassoCV
0.5186036151993497,108,26,Pearson Correlation,LassoCV
0.435573606572562,88,26,Pearson Correlation,LassoCV
0.5086119423589239,68,26,Pearson Correlation,LassoCV
0.2830128870940703,48,26,Pearson Correlation,LassoCV
0.4505511105122526,28,26,Pearson Correlation,LassoCV
0.5412399683216174,288,27,Pearson Correlation,LassoCV
0.5572777000311563,268,27,Pearson Correlation,LassoCV
0.5526434038611664,248,27,Pearson Correlation,LassoCV
0.5598342936433347,228,27,Pearson Correlation,LassoCV
0.5522645969081365,208,27,Pearson Correlation,LassoCV
0.5908557558891849,188,27,Pearson Correlation,LassoCV
0.5453589489821953,168,27,Pearson Correlation,LassoCV
0.5350660260327463,148,27,Pearson Correlation,LassoCV
0.5955086167502754,128,27,Pearson Correlation,LassoCV
0.5295388324452248,108,27,Pearson Correlation,LassoCV
0.5937583813501821,88,27,Pearson Correlation,LassoCV
0.5073835586024916,68,27,Pearson Correlation,LassoCV
0.5692021164772085,48,27,Pearson Correlation,LassoCV
0.382840224623538,28,27,Pearson Correlation,LassoCV
0.4269298462165831,288,28,Pearson Correlation,LassoCV
0.3661624508428483,268,28,Pearson Correlation,LassoCV
0.360151157284257,248,28,Pearson Correlation,LassoCV
0.3579379915270578,228,28,Pearson Correlation,LassoCV
0.3657837487437612,208,28,Pearson Correlation,LassoCV
0.3744864701012043,188,28,Pearson Correlation,LassoCV
0.37641003754660596,168,28,Pearson Correlation,LassoCV
0.3542107155185896,148,28,Pearson Correlation,LassoCV
0.4617450878705545,128,28,Pearson Correlation,LassoCV
0.38414738099007445,108,28,Pearson Correlation,LassoCV
0.4413049026022069,88,28,Pearson Correlation,LassoCV
0.3874204995912552,68,28,Pearson Correlation,LassoCV
0.4355932371746274,48,28,Pearson Correlation,LassoCV
0.4057878765942176,28,28,Pearson Correlation,LassoCV
0.486259680634032,288,29,Pearson Correlation,LassoCV
0.4727242312687619,268,29,Pearson Correlation,LassoCV
0.4741145706738268,248,29,Pearson Correlation,LassoCV
0.6044637781352905,228,29,Pearson Correlation,LassoCV
0.581790952321713,208,29,Pearson Correlation,LassoCV
0.5784031150696233,188,29,Pearson Correlation,LassoCV
0.599585583333596,168,29,Pearson Correlation,LassoCV
0.5500625985898466,148,29,Pearson Correlation,LassoCV
0.6241178696678366,128,29,Pearson Correlation,LassoCV
0.6480494304748832,108,29,Pearson Correlation,LassoCV
0.6651744988917311,88,29,Pearson Correlation,LassoCV
0.7350352986531882,68,29,Pearson Correlation,LassoCV
0.6134851080778546,48,29,Pearson Correlation,LassoCV
0.747490495499012,28,29,Pearson Correlation,LassoCV
0.26651705890583577,288,30,Pearson Correlation,LassoCV
0.2935565826333812,268,30,Pearson Correlation,LassoCV
0.29923457228123773,248,30,Pearson Correlation,LassoCV
0.31267172456597353,228,30,Pearson Correlation,LassoCV
0.29210772321616735,208,30,Pearson Correlation,LassoCV
0.2832049547269226,188,30,Pearson Correlation,LassoCV
0.30726945278917495,168,30,Pearson Correlation,LassoCV
0.3138980491622075,148,30,Pearson Correlation,LassoCV
0.30105154820634666,128,30,Pearson Correlation,LassoCV
0.3152711760429078,108,30,Pearson Correlation,LassoCV
0.326099999675638,88,30,Pearson Correlation,LassoCV
0.32639416799849896,68,30,Pearson Correlation,LassoCV
0.4394375535238126,48,30,Pearson Correlation,LassoCV
0.5340656287731328,28,30,Pearson Correlation,LassoCV
0.311424258103834,288,31,Pearson Correlation,LassoCV
0.3109507043676221,268,31,Pearson Correlation,LassoCV
0.31698721404928243,248,31,Pearson Correlation,LassoCV
0.30994671359327214,228,31,Pearson Correlation,LassoCV
0.3040017659767121,208,31,Pearson Correlation,LassoCV
0.3198025133092055,188,31,Pearson Correlation,LassoCV
0.3113421397915425,168,31,Pearson Correlation,LassoCV
0.3107098625409131,148,31,Pearson Correlation,LassoCV
0.286969952375848,128,31,Pearson Correlation,LassoCV
0.31107387348414345,108,31,Pearson Correlation,LassoCV
0.3226187676865768,88,31,Pearson Correlation,LassoCV
0.5137190360517346,68,31,Pearson Correlation,LassoCV
0.33157085559481386,48,31,Pearson Correlation,LassoCV
0.3403858642304734,28,31,Pearson Correlation,LassoCV
0.5276593078967312,288,32,Pearson Correlation,LassoCV
0.5189448975480271,268,32,Pearson Correlation,LassoCV
0.5121580033976544,248,32,Pearson Correlation,LassoCV
0.5251284606255542,228,32,Pearson Correlation,LassoCV
0.5215598796638142,208,32,Pearson Correlation,LassoCV
0.5451885483951365,188,32,Pearson Correlation,LassoCV
0.5302633918587165,168,32,Pearson Correlation,LassoCV
0.5102879010872385,148,32,Pearson Correlation,LassoCV
0.5471134849271442,128,32,Pearson Correlation,LassoCV
0.5787016942095321,108,32,Pearson Correlation,LassoCV
0.7672371526070974,88,32,Pearson Correlation,LassoCV
0.7152313026890772,68,32,Pearson Correlation,LassoCV
0.6341807673494196,48,32,Pearson Correlation,LassoCV
0.5627194843614008,28,32,Pearson Correlation,LassoCV
0.1769385602293491,288,33,Pearson Correlation,LassoCV
0.16272756405150512,268,33,Pearson Correlation,LassoCV
0.15657855167494958,248,33,Pearson Correlation,LassoCV
0.16889565374060458,228,33,Pearson Correlation,LassoCV
0.13965354945889466,208,33,Pearson Correlation,LassoCV
0.13103680667873577,188,33,Pearson Correlation,LassoCV
0.1596470578308085,168,33,Pearson Correlation,LassoCV
0.1389690864190268,148,33,Pearson Correlation,LassoCV
0.1470228717317421,128,33,Pearson Correlation,LassoCV
0.1659269051825397,108,33,Pearson Correlation,LassoCV
0.20948518055988094,88,33,Pearson Correlation,LassoCV
0.2179160822103509,68,33,Pearson Correlation,LassoCV
0.13386134617913872,48,33,Pearson Correlation,LassoCV
0.4409810936080421,28,33,Pearson Correlation,LassoCV
0.223490610076335,288,34,Pearson Correlation,LassoCV
0.25306589637070354,268,34,Pearson Correlation,LassoCV
0.2540790419285542,248,34,Pearson Correlation,LassoCV
0.2477486800801717,228,34,Pearson Correlation,LassoCV
0.24493066636595537,208,34,Pearson Correlation,LassoCV
0.2624845021234629,188,34,Pearson Correlation,LassoCV
0.2579540294626514,168,34,Pearson Correlation,LassoCV
0.23571395145028062,148,34,Pearson Correlation,LassoCV
0.26998468723073227,128,34,Pearson Correlation,LassoCV
0.26398903871586615,108,34,Pearson Correlation,LassoCV
0.2968605464163934,88,34,Pearson Correlation,LassoCV
0.4167296650562109,68,34,Pearson Correlation,LassoCV
0.4937692647727611,48,34,Pearson Correlation,LassoCV
0.6143493565764057,28,34,Pearson Correlation,LassoCV
0.44672312958089716,288,35,Pearson Correlation,LassoCV
0.45468801208935755,268,35,Pearson Correlation,LassoCV
0.4467574547022024,248,35,Pearson Correlation,LassoCV
0.4305549600160248,228,35,Pearson Correlation,LassoCV
0.4702564815612027,208,35,Pearson Correlation,LassoCV
0.450847984612275,188,35,Pearson Correlation,LassoCV
0.47438726773458156,168,35,Pearson Correlation,LassoCV
0.5296725328353947,148,35,Pearson Correlation,LassoCV
0.5870888346203951,128,35,Pearson Correlation,LassoCV
0.434026938854766,108,35,Pearson Correlation,LassoCV
0.4136370642081912,88,35,Pearson Correlation,LassoCV
0.4469628287454197,68,35,Pearson Correlation,LassoCV
0.5362671424335296,48,35,Pearson Correlation,LassoCV
0.5118012876139593,28,35,Pearson Correlation,LassoCV
0.5725156305217926,288,36,Pearson Correlation,LassoCV
0.5524775291287897,268,36,Pearson Correlation,LassoCV
0.5822051793376817,248,36,Pearson Correlation,LassoCV
0.6351759631142486,228,36,Pearson Correlation,LassoCV
0.6339733279096595,208,36,Pearson Correlation,LassoCV
0.6541919340987756,188,36,Pearson Correlation,LassoCV
0.6452373987188239,168,36,Pearson Correlation,LassoCV
0.6353625043408951,148,36,Pearson Correlation,LassoCV
0.6092597296779813,128,36,Pearson Correlation,LassoCV
0.6520405216394939,108,36,Pearson Correlation,LassoCV
0.6679377803172507,88,36,Pearson Correlation,LassoCV
0.750758701227531,68,36,Pearson Correlation,LassoCV
0.8617706945954473,48,36,Pearson Correlation,LassoCV
0.5602164865349573,28,36,Pearson Correlation,LassoCV
0.3707360027786897,288,37,Pearson Correlation,LassoCV
0.3671730412236018,268,37,Pearson Correlation,LassoCV
0.4612352446280948,248,37,Pearson Correlation,LassoCV
0.44076365947805324,228,37,Pearson Correlation,LassoCV
0.3930048258818076,208,37,Pearson Correlation,LassoCV
0.49001172123883413,188,37,Pearson Correlation,LassoCV
0.4425775744217402,168,37,Pearson Correlation,LassoCV
0.4757968786244468,148,37,Pearson Correlation,LassoCV
0.4229032348437875,128,37,Pearson Correlation,LassoCV
0.39556706080854037,108,37,Pearson Correlation,LassoCV
0.42459054037424476,88,37,Pearson Correlation,LassoCV
0.49522318547441957,68,37,Pearson Correlation,LassoCV
0.39089140698403285,48,37,Pearson Correlation,LassoCV
0.45911028053992003,28,37,Pearson Correlation,LassoCV
0.42799510255318535,288,38,Pearson Correlation,LassoCV
0.4657439047831417,268,38,Pearson Correlation,LassoCV
0.448065732431499,248,38,Pearson Correlation,LassoCV
0.46703719534660654,228,38,Pearson Correlation,LassoCV
0.4800309311863071,208,38,Pearson Correlation,LassoCV
0.5431039544801276,188,38,Pearson Correlation,LassoCV
0.5110658772925817,168,38,Pearson Correlation,LassoCV
0.5843204674805093,148,38,Pearson Correlation,LassoCV
0.6394933244084263,128,38,Pearson Correlation,LassoCV
0.6217533202059164,108,38,Pearson Correlation,LassoCV
0.6211136697566169,88,38,Pearson Correlation,LassoCV
0.5544152017068741,68,38,Pearson Correlation,LassoCV
0.512190167182931,48,38,Pearson Correlation,LassoCV
0.5777748476940633,28,38,Pearson Correlation,LassoCV
0.6808621823838745,288,39,Pearson Correlation,LassoCV
0.6626636450071839,268,39,Pearson Correlation,LassoCV
0.6168771780193961,248,39,Pearson Correlation,LassoCV
0.6210903658325632,228,39,Pearson Correlation,LassoCV
0.6497785700652493,208,39,Pearson Correlation,LassoCV
0.6533176572714292,188,39,Pearson Correlation,LassoCV
0.6982220058934586,168,39,Pearson Correlation,LassoCV
0.6992292029405869,148,39,Pearson Correlation,LassoCV
0.7241617669825237,128,39,Pearson Correlation,LassoCV
0.6940905442015882,108,39,Pearson Correlation,LassoCV
0.711659954828936,88,39,Pearson Correlation,LassoCV
0.713783040903701,68,39,Pearson Correlation,LassoCV
0.9308826759361604,48,39,Pearson Correlation,LassoCV
0.6793910630365003,28,39,Pearson Correlation,LassoCV
0.24501718246680268,288,40,Pearson Correlation,LassoCV
0.22039810100110965,268,40,Pearson Correlation,LassoCV
0.24763378661042598,248,40,Pearson Correlation,LassoCV
0.23846529636162117,228,40,Pearson Correlation,LassoCV
0.25036345984469804,208,40,Pearson Correlation,LassoCV
0.23741127263925696,188,40,Pearson Correlation,LassoCV
0.27184623908956623,168,40,Pearson Correlation,LassoCV
0.22080451723395958,148,40,Pearson Correlation,LassoCV
0.23080009092045253,128,40,Pearson Correlation,LassoCV
0.3010376377342279,108,40,Pearson Correlation,LassoCV
0.20773533484760406,88,40,Pearson Correlation,LassoCV
0.20138550543587963,68,40,Pearson Correlation,LassoCV
0.3084213576647805,48,40,Pearson Correlation,LassoCV
0.3550198257671073,28,40,Pearson Correlation,LassoCV
0.4796817424824313,288,41,Pearson Correlation,LassoCV
0.5171197898823491,268,41,Pearson Correlation,LassoCV
0.509476281205,248,41,Pearson Correlation,LassoCV
0.49280697567004256,228,41,Pearson Correlation,LassoCV
0.44026762828114663,208,41,Pearson Correlation,LassoCV
0.4334279356207582,188,41,Pearson Correlation,LassoCV
0.5354649183830953,168,41,Pearson Correlation,LassoCV
0.5358257117557634,148,41,Pearson Correlation,LassoCV
0.5138970935460467,128,41,Pearson Correlation,LassoCV
0.5330852655729371,108,41,Pearson Correlation,LassoCV
0.5817228617535267,88,41,Pearson Correlation,LassoCV
0.6035742664133696,68,41,Pearson Correlation,LassoCV
0.5244216097987506,48,41,Pearson Correlation,LassoCV
0.6705239798690396,28,41,Pearson Correlation,LassoCV
0.5640249632939183,288,42,Pearson Correlation,LassoCV
0.5575791719055775,268,42,Pearson Correlation,LassoCV
0.5894300133520773,248,42,Pearson Correlation,LassoCV
0.6223692762190822,228,42,Pearson Correlation,LassoCV
0.61395439263047,208,42,Pearson Correlation,LassoCV
0.5603024175750635,188,42,Pearson Correlation,LassoCV
0.6033119074029974,168,42,Pearson Correlation,LassoCV
0.64799270813753,148,42,Pearson Correlation,LassoCV
0.6181589194752651,128,42,Pearson Correlation,LassoCV
0.6011162479188811,108,42,Pearson Correlation,LassoCV
0.6152564132038122,88,42,Pearson Correlation,LassoCV
0.7469144544125976,68,42,Pearson Correlation,LassoCV
0.5357059910527627,48,42,Pearson Correlation,LassoCV
0.6890117464755585,28,42,Pearson Correlation,LassoCV
0.2099145964178646,288,43,Pearson Correlation,LassoCV
0.2067532907328816,268,43,Pearson Correlation,LassoCV
0.21215315282131975,248,43,Pearson Correlation,LassoCV
0.22247428457188478,228,43,Pearson Correlation,LassoCV
0.22478266050545134,208,43,Pearson Correlation,LassoCV
0.23882821579869654,188,43,Pearson Correlation,LassoCV
0.24321756196330632,168,43,Pearson Correlation,LassoCV
0.23602901170875965,148,43,Pearson Correlation,LassoCV
0.2530864149602827,128,43,Pearson Correlation,LassoCV
0.26682890345665905,108,43,Pearson Correlation,LassoCV
0.2690575826493407,88,43,Pearson Correlation,LassoCV
0.3761945096573431,68,43,Pearson Correlation,LassoCV
0.3277023931710059,48,43,Pearson Correlation,LassoCV
0.3131458110406459,28,43,Pearson Correlation,LassoCV
0.4254835339790499,288,44,Pearson Correlation,LassoCV
0.4403984047860552,268,44,Pearson Correlation,LassoCV
0.47649174270792205,248,44,Pearson Correlation,LassoCV
0.5244122641205688,228,44,Pearson Correlation,LassoCV
0.48043191986194733,208,44,Pearson Correlation,LassoCV
0.4737340787154696,188,44,Pearson Correlation,LassoCV
0.44784971051436745,168,44,Pearson Correlation,LassoCV
0.45954158162652353,148,44,Pearson Correlation,LassoCV
0.4158509920425886,128,44,Pearson Correlation,LassoCV
0.5061800881819506,108,44,Pearson Correlation,LassoCV
0.40983364434550684,88,44,Pearson Correlation,LassoCV
0.4184962955053438,68,44,Pearson Correlation,LassoCV
0.37687706250292724,48,44,Pearson Correlation,LassoCV
0.7092490177353029,28,44,Pearson Correlation,LassoCV
0.2872962069469801,288,45,Pearson Correlation,LassoCV
0.2912639580453457,268,45,Pearson Correlation,LassoCV
0.3016312328195581,248,45,Pearson Correlation,LassoCV
0.31572860049493606,228,45,Pearson Correlation,LassoCV
0.3280505169842081,208,45,Pearson Correlation,LassoCV
0.332723223834106,188,45,Pearson Correlation,LassoCV
0.3458338526249653,168,45,Pearson Correlation,LassoCV
0.3766209084591751,148,45,Pearson Correlation,LassoCV
0.3886886344416715,128,45,Pearson Correlation,LassoCV
0.386863416789587,108,45,Pearson Correlation,LassoCV
0.3793354277219334,88,45,Pearson Correlation,LassoCV
0.409388763350667,68,45,Pearson Correlation,LassoCV
0.3916547554300552,48,45,Pearson Correlation,LassoCV
0.5034318041459778,28,45,Pearson Correlation,LassoCV
0.28124027916343547,288,46,Pearson Correlation,LassoCV
0.3164166266063442,268,46,Pearson Correlation,LassoCV
0.3386733855542048,248,46,Pearson Correlation,LassoCV
0.28430337394336036,228,46,Pearson Correlation,LassoCV
0.34055353053787724,208,46,Pearson Correlation,LassoCV
0.33426810190574896,188,46,Pearson Correlation,LassoCV
0.31151467694721635,168,46,Pearson Correlation,LassoCV
0.28343178031394906,148,46,Pearson Correlation,LassoCV
0.2778443581331749,128,46,Pearson Correlation,LassoCV
0.29993069905218395,108,46,Pearson Correlation,LassoCV
0.2460921484825019,88,46,Pearson Correlation,LassoCV
0.23449954401520282,68,46,Pearson Correlation,LassoCV
0.19376862719052554,48,46,Pearson Correlation,LassoCV
0.263928347735402,28,46,Pearson Correlation,LassoCV
0.4415061597138889,288,47,Pearson Correlation,LassoCV
0.46810806369693164,268,47,Pearson Correlation,LassoCV
0.4727069072781464,248,47,Pearson Correlation,LassoCV
0.4520296426423955,228,47,Pearson Correlation,LassoCV
0.4646740321914142,208,47,Pearson Correlation,LassoCV
0.455937705632352,188,47,Pearson Correlation,LassoCV
0.4778373053157143,168,47,Pearson Correlation,LassoCV
0.4623416348910432,148,47,Pearson Correlation,LassoCV
0.4721281139871707,128,47,Pearson Correlation,LassoCV
0.4621234720656953,108,47,Pearson Correlation,LassoCV
0.4753337913532169,88,47,Pearson Correlation,LassoCV
0.49792693571257257,68,47,Pearson Correlation,LassoCV
0.3880399301862653,48,47,Pearson Correlation,LassoCV
0.5417457378567211,28,47,Pearson Correlation,LassoCV
0.614062693969963,288,48,Pearson Correlation,LassoCV
0.622172600714706,268,48,Pearson Correlation,LassoCV
0.6464797629260653,248,48,Pearson Correlation,LassoCV
0.674854815515133,228,48,Pearson Correlation,LassoCV
0.6566924156384845,208,48,Pearson Correlation,LassoCV
0.653366328750483,188,48,Pearson Correlation,LassoCV
0.6893394385771577,168,48,Pearson Correlation,LassoCV
0.6948270779589075,148,48,Pearson Correlation,LassoCV
0.6700099271648332,128,48,Pearson Correlation,LassoCV
0.7027541546657927,108,48,Pearson Correlation,LassoCV
0.6907456765622166,88,48,Pearson Correlation,LassoCV
0.6776595419426791,68,48,Pearson Correlation,LassoCV
0.6261699316344149,48,48,Pearson Correlation,LassoCV
0.6106367943572542,28,48,Pearson Correlation,LassoCV
0.2824580868149601,288,49,Pearson Correlation,LassoCV
0.3121154810463312,268,49,Pearson Correlation,LassoCV
0.32945700537751804,248,49,Pearson Correlation,LassoCV
0.29817613147427263,228,49,Pearson Correlation,LassoCV
0.2950128641947949,208,49,Pearson Correlation,LassoCV
0.2924593979317968,188,49,Pearson Correlation,LassoCV
0.318423774164383,168,49,Pearson Correlation,LassoCV
0.3529796215651934,148,49,Pearson Correlation,LassoCV
0.3394667569680499,128,49,Pearson Correlation,LassoCV
0.4692855686331164,108,49,Pearson Correlation,LassoCV
0.5116483522851191,88,49,Pearson Correlation,LassoCV
0.34813359287052453,68,49,Pearson Correlation,LassoCV
0.43410867321250346,48,49,Pearson Correlation,LassoCV
0.5246054394950045,28,49,Pearson Correlation,LassoCV
0.41587703283415983,288,50,Pearson Correlation,LassoCV
0.426906661464235,268,50,Pearson Correlation,LassoCV
0.43073774031022766,248,50,Pearson Correlation,LassoCV
0.44063159088776044,228,50,Pearson Correlation,LassoCV
0.4126935901902434,208,50,Pearson Correlation,LassoCV
0.4152779073161166,188,50,Pearson Correlation,LassoCV
0.434373922961865,168,50,Pearson Correlation,LassoCV
0.4188159465085992,148,50,Pearson Correlation,LassoCV
0.46299913388302255,128,50,Pearson Correlation,LassoCV
0.4538742500664965,108,50,Pearson Correlation,LassoCV
0.5251484504806503,88,50,Pearson Correlation,LassoCV
0.5356738138225996,68,50,Pearson Correlation,LassoCV
0.5243472215345774,48,50,Pearson Correlation,LassoCV
0.49604851843943837,28,50,Pearson Correlation,LassoCV
0.4661431191372185,288,51,Pearson Correlation,LassoCV
0.47060849413915246,268,51,Pearson Correlation,LassoCV
0.4715724104226595,248,51,Pearson Correlation,LassoCV
0.46850419300444274,228,51,Pearson Correlation,LassoCV
0.4755320631806941,208,51,Pearson Correlation,LassoCV
0.4752626040499281,188,51,Pearson Correlation,LassoCV
0.5735513022355897,168,51,Pearson Correlation,LassoCV
0.5499039471418494,148,51,Pearson Correlation,LassoCV
0.5596116880649094,128,51,Pearson Correlation,LassoCV
0.6201509375719295,108,51,Pearson Correlation,LassoCV
0.5642143105927796,88,51,Pearson Correlation,LassoCV
0.5643830648324325,68,51,Pearson Correlation,LassoCV
0.6632661974462705,48,51,Pearson Correlation,LassoCV
0.842762310120936,28,51,Pearson Correlation,LassoCV
0.5184739469711577,288,52,Pearson Correlation,LassoCV
0.5068953138627795,268,52,Pearson Correlation,LassoCV
0.51673126952364,248,52,Pearson Correlation,LassoCV
0.5719908238442043,228,52,Pearson Correlation,LassoCV
0.5572545720659443,208,52,Pearson Correlation,LassoCV
0.5688274137776913,188,52,Pearson Correlation,LassoCV
0.6532019839065174,168,52,Pearson Correlation,LassoCV
0.6022936367430987,148,52,Pearson Correlation,LassoCV
0.5544877302427463,128,52,Pearson Correlation,LassoCV
0.49233403221447586,108,52,Pearson Correlation,LassoCV
0.541300076549994,88,52,Pearson Correlation,LassoCV
0.5728545988355412,68,52,Pearson Correlation,LassoCV
0.5066734947474963,48,52,Pearson Correlation,LassoCV
0.5306768370144787,28,52,Pearson Correlation,LassoCV
0.4040532524774055,288,53,Pearson Correlation,LassoCV
0.42504771005930286,268,53,Pearson Correlation,LassoCV
0.44007267258315336,248,53,Pearson Correlation,LassoCV
0.433324674666125,228,53,Pearson Correlation,LassoCV
0.4100988110867167,208,53,Pearson Correlation,LassoCV
0.43170130983416755,188,53,Pearson Correlation,LassoCV
0.4317039412286097,168,53,Pearson Correlation,LassoCV
0.46288531004165945,148,53,Pearson Correlation,LassoCV
0.5318326453261716,128,53,Pearson Correlation,LassoCV
0.5246272177018471,108,53,Pearson Correlation,LassoCV
0.5147741186404998,88,53,Pearson Correlation,LassoCV
0.6118638161881129,68,53,Pearson Correlation,LassoCV
0.5440672639093675,48,53,Pearson Correlation,LassoCV
0.6576195591581288,28,53,Pearson Correlation,LassoCV
0.4580181538990575,288,54,Pearson Correlation,LassoCV
0.4732239707589678,268,54,Pearson Correlation,LassoCV
0.4906537220243489,248,54,Pearson Correlation,LassoCV
0.4995060530337379,228,54,Pearson Correlation,LassoCV
0.4997767690323646,208,54,Pearson Correlation,LassoCV
0.5280934683462408,188,54,Pearson Correlation,LassoCV
0.5750862623710832,168,54,Pearson Correlation,LassoCV
0.5637464352394362,148,54,Pearson Correlation,LassoCV
0.5810399160771458,128,54,Pearson Correlation,LassoCV
0.6141213240060804,108,54,Pearson Correlation,LassoCV
0.6287346344379766,88,54,Pearson Correlation,LassoCV
0.6326230582116893,68,54,Pearson Correlation,LassoCV
0.5899504026954376,48,54,Pearson Correlation,LassoCV
0.5041597261438522,28,54,Pearson Correlation,LassoCV
0.42508022426060466,288,55,Pearson Correlation,LassoCV
0.3765864492853382,268,55,Pearson Correlation,LassoCV
0.428520827366885,248,55,Pearson Correlation,LassoCV
0.3880868212151722,228,55,Pearson Correlation,LassoCV
0.42956440431924153,208,55,Pearson Correlation,LassoCV
0.38885323358432816,188,55,Pearson Correlation,LassoCV
0.449912734057494,168,55,Pearson Correlation,LassoCV
0.38948902678373637,148,55,Pearson Correlation,LassoCV
0.39066445931712385,128,55,Pearson Correlation,LassoCV
0.4077800277392964,108,55,Pearson Correlation,LassoCV
0.4323984415733324,88,55,Pearson Correlation,LassoCV
0.3591928712251116,68,55,Pearson Correlation,LassoCV
0.3269492136853786,48,55,Pearson Correlation,LassoCV
0.380581355327326,28,55,Pearson Correlation,LassoCV
0.6097280841867946,288,56,Pearson Correlation,LassoCV
0.6174905572917138,268,56,Pearson Correlation,LassoCV
0.6781166263112234,248,56,Pearson Correlation,LassoCV
0.6386662336108758,228,56,Pearson Correlation,LassoCV
0.6517595261839189,208,56,Pearson Correlation,LassoCV
0.6687566181307293,188,56,Pearson Correlation,LassoCV
0.6417068122462039,168,56,Pearson Correlation,LassoCV
0.676042156192641,148,56,Pearson Correlation,LassoCV
0.6557190346729577,128,56,Pearson Correlation,LassoCV
0.6560910496195806,108,56,Pearson Correlation,LassoCV
0.6823918303717357,88,56,Pearson Correlation,LassoCV
0.6467017563308274,68,56,Pearson Correlation,LassoCV
0.6023359191322736,48,56,Pearson Correlation,LassoCV
0.49558990040819934,28,56,Pearson Correlation,LassoCV
0.16844423055365473,288,57,Pearson Correlation,LassoCV
0.1773345388809994,268,57,Pearson Correlation,LassoCV
0.17775547844737516,248,57,Pearson Correlation,LassoCV
0.1884945159357215,228,57,Pearson Correlation,LassoCV
0.19319541363200662,208,57,Pearson Correlation,LassoCV
0.1823111870924045,188,57,Pearson Correlation,LassoCV
0.19097750377586198,168,57,Pearson Correlation,LassoCV
0.18584949973413564,148,57,Pearson Correlation,LassoCV
0.18908978090382852,128,57,Pearson Correlation,LassoCV
0.2492544600626109,108,57,Pearson Correlation,LassoCV
0.284638193073723,88,57,Pearson Correlation,LassoCV
0.2519001313372544,68,57,Pearson Correlation,LassoCV
0.40005894620755594,48,57,Pearson Correlation,LassoCV
0.5869554651938013,28,57,Pearson Correlation,LassoCV
0.4223257158471014,288,58,Pearson Correlation,LassoCV
0.4294586154609871,268,58,Pearson Correlation,LassoCV
0.39415880017610627,248,58,Pearson Correlation,LassoCV
0.4402026043664528,228,58,Pearson Correlation,LassoCV
0.4535561791032808,208,58,Pearson Correlation,LassoCV
0.4054538505327641,188,58,Pearson Correlation,LassoCV
0.4147868770228153,168,58,Pearson Correlation,LassoCV
0.5987942243941907,148,58,Pearson Correlation,LassoCV
0.32992856925117303,128,58,Pearson Correlation,LassoCV
0.31647063984417434,108,58,Pearson Correlation,LassoCV
0.20550277809191805,88,58,Pearson Correlation,LassoCV
0.3860645993089647,68,58,Pearson Correlation,LassoCV
0.5190446035618256,48,58,Pearson Correlation,LassoCV
0.7580985793162963,28,58,Pearson Correlation,LassoCV
0.09887988483373959,288,59,Pearson Correlation,LassoCV
0.08339391016799573,268,59,Pearson Correlation,LassoCV
0.08378245271919653,248,59,Pearson Correlation,LassoCV
0.09747794279813517,228,59,Pearson Correlation,LassoCV
0.0850060354501123,208,59,Pearson Correlation,LassoCV
0.08556639944235504,188,59,Pearson Correlation,LassoCV
0.10738472068484634,168,59,Pearson Correlation,LassoCV
0.09539646763722548,148,59,Pearson Correlation,LassoCV
0.11256918670624079,128,59,Pearson Correlation,LassoCV
0.094636538932792,108,59,Pearson Correlation,LassoCV
0.12902227782823514,88,59,Pearson Correlation,LassoCV
0.19145114660337245,68,59,Pearson Correlation,LassoCV
0.07466401515350081,48,59,Pearson Correlation,LassoCV
0.532045191779279,28,59,Pearson Correlation,LassoCV
0.4713313530663797,288,60,Pearson Correlation,LassoCV
0.4938626091152864,268,60,Pearson Correlation,LassoCV
0.4188481492332226,248,60,Pearson Correlation,LassoCV
0.44667295049832445,228,60,Pearson Correlation,LassoCV
0.4536603329654296,208,60,Pearson Correlation,LassoCV
0.428897435913198,188,60,Pearson Correlation,LassoCV
0.4840815021193472,168,60,Pearson Correlation,LassoCV
0.4768491109674357,148,60,Pearson Correlation,LassoCV
0.3888571278802529,128,60,Pearson Correlation,LassoCV
0.46685701834648735,108,60,Pearson Correlation,LassoCV
0.5998550386120305,88,60,Pearson Correlation,LassoCV
0.6057825225475651,68,60,Pearson Correlation,LassoCV
0.5960886989899699,48,60,Pearson Correlation,LassoCV
0.46871841974635564,28,60,Pearson Correlation,LassoCV
0.3352780013431869,288,61,Pearson Correlation,LassoCV
0.3683780332384326,268,61,Pearson Correlation,LassoCV
0.3674253499649498,248,61,Pearson Correlation,LassoCV
0.3936021216985772,228,61,Pearson Correlation,LassoCV
0.3835257702403719,208,61,Pearson Correlation,LassoCV
0.36895882234923066,188,61,Pearson Correlation,LassoCV
0.3553516744619032,168,61,Pearson Correlation,LassoCV
0.4326368337608136,148,61,Pearson Correlation,LassoCV
0.4972259965340547,128,61,Pearson Correlation,LassoCV
0.605901285110443,108,61,Pearson Correlation,LassoCV
0.6661933859288123,88,61,Pearson Correlation,LassoCV
0.6005281647421602,68,61,Pearson Correlation,LassoCV
0.5349981889799595,48,61,Pearson Correlation,LassoCV
0.5247043806447057,28,61,Pearson Correlation,LassoCV
0.49356284107177734,288,62,Pearson Correlation,LassoCV
0.48495921133765085,268,62,Pearson Correlation,LassoCV
0.4923375935636242,248,62,Pearson Correlation,LassoCV
0.4895133429753107,228,62,Pearson Correlation,LassoCV
0.5542872014064867,208,62,Pearson Correlation,LassoCV
0.48548158875395453,188,62,Pearson Correlation,LassoCV
0.5242884169174943,168,62,Pearson Correlation,LassoCV
0.5474591472336735,148,62,Pearson Correlation,LassoCV
0.6073501223842547,128,62,Pearson Correlation,LassoCV
0.4978912884121391,108,62,Pearson Correlation,LassoCV
0.5096790257329237,88,62,Pearson Correlation,LassoCV
0.4865033375011578,68,62,Pearson Correlation,LassoCV
0.4790870141033132,48,62,Pearson Correlation,LassoCV
0.5366133709385252,28,62,Pearson Correlation,LassoCV
0.625404000065205,288,63,Pearson Correlation,LassoCV
0.6263459052517569,268,63,Pearson Correlation,LassoCV
0.6281860125602897,248,63,Pearson Correlation,LassoCV
0.6796831392299184,228,63,Pearson Correlation,LassoCV
0.6727583181978475,208,63,Pearson Correlation,LassoCV
0.6994150589505966,188,63,Pearson Correlation,LassoCV
0.6970033830312309,168,63,Pearson Correlation,LassoCV
0.6842986298778421,148,63,Pearson Correlation,LassoCV
0.6742886467178542,128,63,Pearson Correlation,LassoCV
0.6628613819126624,108,63,Pearson Correlation,LassoCV
0.666558218148798,88,63,Pearson Correlation,LassoCV
0.6115321615877422,68,63,Pearson Correlation,LassoCV
0.5879262387628775,48,63,Pearson Correlation,LassoCV
0.7445650259420801,28,63,Pearson Correlation,LassoCV
0.12612134758482058,288,64,Pearson Correlation,LassoCV
0.12401088315942434,268,64,Pearson Correlation,LassoCV
0.11455511446580847,248,64,Pearson Correlation,LassoCV
0.14411657675626519,228,64,Pearson Correlation,LassoCV
0.15149213054080962,208,64,Pearson Correlation,LassoCV
0.14284418549901476,188,64,Pearson Correlation,LassoCV
0.17473461250408726,168,64,Pearson Correlation,LassoCV
0.1346446804598066,148,64,Pearson Correlation,LassoCV
0.16970741851207008,128,64,Pearson Correlation,LassoCV
0.19435816513118898,108,64,Pearson Correlation,LassoCV
0.22958444457455937,88,64,Pearson Correlation,LassoCV
0.2390108991057107,68,64,Pearson Correlation,LassoCV
0.09216501903639479,48,64,Pearson Correlation,LassoCV
0.5035990650381588,28,64,Pearson Correlation,LassoCV
0.5104340845016017,288,65,Pearson Correlation,LassoCV
0.524784387575785,268,65,Pearson Correlation,LassoCV
0.503954614378152,248,65,Pearson Correlation,LassoCV
0.6573621373217927,228,65,Pearson Correlation,LassoCV
0.577386562303965,208,65,Pearson Correlation,LassoCV
0.5971445300133255,188,65,Pearson Correlation,LassoCV
0.6134022017446333,168,65,Pearson Correlation,LassoCV
0.5677778641457616,148,65,Pearson Correlation,LassoCV
0.5987805026283165,128,65,Pearson Correlation,LassoCV
0.6408733819220022,108,65,Pearson Correlation,LassoCV
0.5644151601047384,88,65,Pearson Correlation,LassoCV
0.5638169022569214,68,65,Pearson Correlation,LassoCV
0.5492953041530313,48,65,Pearson Correlation,LassoCV
0.5446277716091221,28,65,Pearson Correlation,LassoCV
0.5391542037027998,288,66,Pearson Correlation,LassoCV
0.543660677612219,268,66,Pearson Correlation,LassoCV
0.5135805283719731,248,66,Pearson Correlation,LassoCV
0.5607232722612249,228,66,Pearson Correlation,LassoCV
0.5585902295683419,208,66,Pearson Correlation,LassoCV
0.6354136068085635,188,66,Pearson Correlation,LassoCV
0.5562220912674535,168,66,Pearson Correlation,LassoCV
0.5546445515326193,148,66,Pearson Correlation,LassoCV
0.543048231517206,128,66,Pearson Correlation,LassoCV
0.5118220504099448,108,66,Pearson Correlation,LassoCV
0.5684759253634891,88,66,Pearson Correlation,LassoCV
0.594685794110688,68,66,Pearson Correlation,LassoCV
0.5992294389832301,48,66,Pearson Correlation,LassoCV
0.7481482624908846,28,66,Pearson Correlation,LassoCV
0.4668548521014036,288,67,Pearson Correlation,LassoCV
0.42115168811410747,268,67,Pearson Correlation,LassoCV
0.39831179893532487,248,67,Pearson Correlation,LassoCV
0.46749820668708914,228,67,Pearson Correlation,LassoCV
0.4204833025287969,208,67,Pearson Correlation,LassoCV
0.630075267949257,188,67,Pearson Correlation,LassoCV
0.6397914855715138,168,67,Pearson Correlation,LassoCV
0.5873369000456,148,67,Pearson Correlation,LassoCV
0.6141411864667231,128,67,Pearson Correlation,LassoCV
0.5935621977324419,108,67,Pearson Correlation,LassoCV
0.5712526974271928,88,67,Pearson Correlation,LassoCV
0.5255455292678914,68,67,Pearson Correlation,LassoCV
0.5750632053983474,48,67,Pearson Correlation,LassoCV
0.6770168232327256,28,67,Pearson Correlation,LassoCV
0.3218999966979933,288,68,Pearson Correlation,LassoCV
0.307475567478732,268,68,Pearson Correlation,LassoCV
0.30941092321395963,248,68,Pearson Correlation,LassoCV
0.31635871220774364,228,68,Pearson Correlation,LassoCV
0.3359812161198385,208,68,Pearson Correlation,LassoCV
0.34317918636546835,188,68,Pearson Correlation,LassoCV
0.3390607970202555,168,68,Pearson Correlation,LassoCV
0.6724351721657366,148,68,Pearson Correlation,LassoCV
0.6099949925774383,128,68,Pearson Correlation,LassoCV
0.5886063717182622,108,68,Pearson Correlation,LassoCV
0.5851718056854045,88,68,Pearson Correlation,LassoCV
0.6506428227011383,68,68,Pearson Correlation,LassoCV
0.6799273033901723,48,68,Pearson Correlation,LassoCV
0.6891832971461295,28,68,Pearson Correlation,LassoCV
0.5267085271759493,288,69,Pearson Correlation,LassoCV
0.506167814422921,268,69,Pearson Correlation,LassoCV
0.5703693173406686,248,69,Pearson Correlation,LassoCV
0.5533395391657603,228,69,Pearson Correlation,LassoCV
0.5535504732112692,208,69,Pearson Correlation,LassoCV
0.5530335008304679,188,69,Pearson Correlation,LassoCV
0.6155956093322201,168,69,Pearson Correlation,LassoCV
0.5321628910437766,148,69,Pearson Correlation,LassoCV
0.4783432875361209,128,69,Pearson Correlation,LassoCV
0.6573076562540271,108,69,Pearson Correlation,LassoCV
0.6101631200074172,88,69,Pearson Correlation,LassoCV
0.49729176494505895,68,69,Pearson Correlation,LassoCV
0.5586150392099261,48,69,Pearson Correlation,LassoCV
0.5522964667973196,28,69,Pearson Correlation,LassoCV
0.2666872602238272,288,70,Pearson Correlation,LassoCV
0.2765971164967252,268,70,Pearson Correlation,LassoCV
0.27825054033142016,248,70,Pearson Correlation,LassoCV
0.2865953216826431,228,70,Pearson Correlation,LassoCV
0.2779231804338486,208,70,Pearson Correlation,LassoCV
0.3037490325248419,188,70,Pearson Correlation,LassoCV
0.26605897995809985,168,70,Pearson Correlation,LassoCV
0.29021892558282303,148,70,Pearson Correlation,LassoCV
0.3159887934522169,128,70,Pearson Correlation,LassoCV
0.3201553096676256,108,70,Pearson Correlation,LassoCV
0.422241766228823,88,70,Pearson Correlation,LassoCV
0.3297540005029104,68,70,Pearson Correlation,LassoCV
0.45646478545228364,48,70,Pearson Correlation,LassoCV
0.47134391090977457,28,70,Pearson Correlation,LassoCV
0.3967500354400108,288,71,Pearson Correlation,LassoCV
0.4334654724456666,268,71,Pearson Correlation,LassoCV
0.4469748657077394,248,71,Pearson Correlation,LassoCV
0.45463679731034584,228,71,Pearson Correlation,LassoCV
0.45670949827887597,208,71,Pearson Correlation,LassoCV
0.4494683275740053,188,71,Pearson Correlation,LassoCV
0.4608790708173866,168,71,Pearson Correlation,LassoCV
0.4073066245788131,148,71,Pearson Correlation,LassoCV
0.38747677106925954,128,71,Pearson Correlation,LassoCV
0.441072281979996,108,71,Pearson Correlation,LassoCV
0.6209027156338722,88,71,Pearson Correlation,LassoCV
0.6463662071167197,68,71,Pearson Correlation,LassoCV
0.6086985953180655,48,71,Pearson Correlation,LassoCV
0.8233417764418992,28,71,Pearson Correlation,LassoCV
0.43270673186477526,288,72,Pearson Correlation,LassoCV
0.43636135788922714,268,72,Pearson Correlation,LassoCV
0.4295859191091984,248,72,Pearson Correlation,LassoCV
0.4324826482037491,228,72,Pearson Correlation,LassoCV
0.4405582477835439,208,72,Pearson Correlation,LassoCV
0.4424599883751823,188,72,Pearson Correlation,LassoCV
0.4256455698864394,168,72,Pearson Correlation,LassoCV
0.5259143944530945,148,72,Pearson Correlation,LassoCV
0.48381848322596044,128,72,Pearson Correlation,LassoCV
0.5848201691160891,108,72,Pearson Correlation,LassoCV
0.520428846332295,88,72,Pearson Correlation,LassoCV
0.4209662621039673,68,72,Pearson Correlation,LassoCV
0.4644403685128729,48,72,Pearson Correlation,LassoCV
0.6865954564271334,28,72,Pearson Correlation,LassoCV
0.46690460374577564,288,73,Pearson Correlation,LassoCV
0.4831027905830069,268,73,Pearson Correlation,LassoCV
0.4898243801189577,248,73,Pearson Correlation,LassoCV
0.5504911786727401,228,73,Pearson Correlation,LassoCV
0.5505303685992083,208,73,Pearson Correlation,LassoCV
0.5860714589758539,188,73,Pearson Correlation,LassoCV
0.5795185867953699,168,73,Pearson Correlation,LassoCV
0.609700918611933,148,73,Pearson Correlation,LassoCV
0.598947767288549,128,73,Pearson Correlation,LassoCV
0.5544894855543325,108,73,Pearson Correlation,LassoCV
0.6212261387377823,88,73,Pearson Correlation,LassoCV
0.5997477138069448,68,73,Pearson Correlation,LassoCV
0.5741071712451263,48,73,Pearson Correlation,LassoCV
0.6007892549621942,28,73,Pearson Correlation,LassoCV
0.519195567152247,288,74,Pearson Correlation,LassoCV
0.5766890439800103,268,74,Pearson Correlation,LassoCV
0.5620485587875258,248,74,Pearson Correlation,LassoCV
0.5890043790966351,228,74,Pearson Correlation,LassoCV
0.5943539684491178,208,74,Pearson Correlation,LassoCV
0.6040026103738699,188,74,Pearson Correlation,LassoCV
0.5618683516081973,168,74,Pearson Correlation,LassoCV
0.556919621892149,148,74,Pearson Correlation,LassoCV
0.601275718693075,128,74,Pearson Correlation,LassoCV
0.5718329182433505,108,74,Pearson Correlation,LassoCV
0.6062705351223328,88,74,Pearson Correlation,LassoCV
0.6348361077502632,68,74,Pearson Correlation,LassoCV
0.6065150752769327,48,74,Pearson Correlation,LassoCV
0.6488692346480771,28,74,Pearson Correlation,LassoCV
0.2731300943481125,288,75,Pearson Correlation,LassoCV
0.2682207690278416,268,75,Pearson Correlation,LassoCV
0.29917308779284324,248,75,Pearson Correlation,LassoCV
0.2819589332553281,228,75,Pearson Correlation,LassoCV
0.29557215614196414,208,75,Pearson Correlation,LassoCV
0.29444347342949,188,75,Pearson Correlation,LassoCV
0.29871259349540263,168,75,Pearson Correlation,LassoCV
0.3248016053389954,148,75,Pearson Correlation,LassoCV
0.35117304797998755,128,75,Pearson Correlation,LassoCV
0.35032110412545386,108,75,Pearson Correlation,LassoCV
0.36527222947107374,88,75,Pearson Correlation,LassoCV
0.4178116783826558,68,75,Pearson Correlation,LassoCV
0.37158980565636623,48,75,Pearson Correlation,LassoCV
0.4033368141379267,28,75,Pearson Correlation,LassoCV
0.2331770107916198,288,76,Pearson Correlation,LassoCV
0.2528618273286627,268,76,Pearson Correlation,LassoCV
0.24202968953312168,248,76,Pearson Correlation,LassoCV
0.24229025082622846,228,76,Pearson Correlation,LassoCV
0.23863280691988828,208,76,Pearson Correlation,LassoCV
0.2536485995045938,188,76,Pearson Correlation,LassoCV
0.24275587803170137,168,76,Pearson Correlation,LassoCV
0.24404761160432986,148,76,Pearson Correlation,LassoCV
0.30372737190975935,128,76,Pearson Correlation,LassoCV
0.24997594894649122,108,76,Pearson Correlation,LassoCV
0.24652234513084456,88,76,Pearson Correlation,LassoCV
0.2418803977230878,68,76,Pearson Correlation,LassoCV
0.2593535691987723,48,76,Pearson Correlation,LassoCV
0.36102950222550595,28,76,Pearson Correlation,LassoCV
0.3776696715560906,288,77,Pearson Correlation,LassoCV
0.39657543271026574,268,77,Pearson Correlation,LassoCV
0.40962549636498397,248,77,Pearson Correlation,LassoCV
0.3964361461390382,228,77,Pearson Correlation,LassoCV
0.4081558743081984,208,77,Pearson Correlation,LassoCV
0.4264151133979306,188,77,Pearson Correlation,LassoCV
0.4095082018284946,168,77,Pearson Correlation,LassoCV
0.35456747889409784,148,77,Pearson Correlation,LassoCV
0.3280684982769454,128,77,Pearson Correlation,LassoCV
0.42059569591690593,108,77,Pearson Correlation,LassoCV
0.4502963041373318,88,77,Pearson Correlation,LassoCV
0.42843147331422227,68,77,Pearson Correlation,LassoCV
0.46019904581115795,48,77,Pearson Correlation,LassoCV
0.4392490819154089,28,77,Pearson Correlation,LassoCV
0.5470818044419626,288,78,Pearson Correlation,LassoCV
0.5545639464060587,268,78,Pearson Correlation,LassoCV
0.5530572238713055,248,78,Pearson Correlation,LassoCV
0.582643324856814,228,78,Pearson Correlation,LassoCV
0.6254476802042158,208,78,Pearson Correlation,LassoCV
0.5495482795334145,188,78,Pearson Correlation,LassoCV
0.5814615138569099,168,78,Pearson Correlation,LassoCV
0.4980915526047666,148,78,Pearson Correlation,LassoCV
0.5205848350457655,128,78,Pearson Correlation,LassoCV
0.5739511184002172,108,78,Pearson Correlation,LassoCV
0.6014198534076771,88,78,Pearson Correlation,LassoCV
0.6303390086567126,68,78,Pearson Correlation,LassoCV
0.5859073655448679,48,78,Pearson Correlation,LassoCV
0.7149670158996718,28,78,Pearson Correlation,LassoCV
0.44108279579935217,288,79,Pearson Correlation,LassoCV
0.4202713584880737,268,79,Pearson Correlation,LassoCV
0.4965457335993579,248,79,Pearson Correlation,LassoCV
0.4452724329002263,228,79,Pearson Correlation,LassoCV
0.45589437210903033,208,79,Pearson Correlation,LassoCV
0.5050775337927494,188,79,Pearson Correlation,LassoCV
0.5416660343409432,168,79,Pearson Correlation,LassoCV
0.525994764665742,148,79,Pearson Correlation,LassoCV
0.5454192880187833,128,79,Pearson Correlation,LassoCV
0.6193510183050183,108,79,Pearson Correlation,LassoCV
0.5997238918620208,88,79,Pearson Correlation,LassoCV
0.5264610347694643,68,79,Pearson Correlation,LassoCV
0.46802302123311196,48,79,Pearson Correlation,LassoCV
0.5064133141820825,28,79,Pearson Correlation,LassoCV
0.5112180808440794,288,80,Pearson Correlation,LassoCV
0.49724011092523895,268,80,Pearson Correlation,LassoCV
0.5263811924171246,248,80,Pearson Correlation,LassoCV
0.5204863746479093,228,80,Pearson Correlation,LassoCV
0.5363941460967158,208,80,Pearson Correlation,LassoCV
0.5628776057243291,188,80,Pearson Correlation,LassoCV
0.5825531940265396,168,80,Pearson Correlation,LassoCV
0.5395420758497309,148,80,Pearson Correlation,LassoCV
0.4044482785601124,128,80,Pearson Correlation,LassoCV
0.4171994789847529,108,80,Pearson Correlation,LassoCV
0.41191434869026283,88,80,Pearson Correlation,LassoCV
0.38575204870422186,68,80,Pearson Correlation,LassoCV
0.3773984528402526,48,80,Pearson Correlation,LassoCV
0.5085820257180561,28,80,Pearson Correlation,LassoCV
0.1820282173850506,288,81,Pearson Correlation,LassoCV
0.23251406955188145,268,81,Pearson Correlation,LassoCV
0.34958215273646925,248,81,Pearson Correlation,LassoCV
0.3765189489266672,228,81,Pearson Correlation,LassoCV
0.3240595041986563,208,81,Pearson Correlation,LassoCV
0.3094239093797269,188,81,Pearson Correlation,LassoCV
0.35939296644746266,168,81,Pearson Correlation,LassoCV
0.3520674877582854,148,81,Pearson Correlation,LassoCV
0.36833060184290395,128,81,Pearson Correlation,LassoCV
0.35327902285667784,108,81,Pearson Correlation,LassoCV
0.4149608546560352,88,81,Pearson Correlation,LassoCV
0.410362944062355,68,81,Pearson Correlation,LassoCV
0.4195461302371258,48,81,Pearson Correlation,LassoCV
0.8237268011767714,28,81,Pearson Correlation,LassoCV
0.5451558496958165,288,82,Pearson Correlation,LassoCV
0.543135233070971,268,82,Pearson Correlation,LassoCV
0.5403269609278799,248,82,Pearson Correlation,LassoCV
0.5353082531050278,228,82,Pearson Correlation,LassoCV
0.541540573886557,208,82,Pearson Correlation,LassoCV
0.5505512991447089,188,82,Pearson Correlation,LassoCV
0.5550785391956079,168,82,Pearson Correlation,LassoCV
0.5554294591206166,148,82,Pearson Correlation,LassoCV
0.5545813034568082,128,82,Pearson Correlation,LassoCV
0.5687044497175676,108,82,Pearson Correlation,LassoCV
0.5133438101494172,88,82,Pearson Correlation,LassoCV
0.5397850375890307,68,82,Pearson Correlation,LassoCV
0.9574205893427951,48,82,Pearson Correlation,LassoCV
0.6616427454520935,28,82,Pearson Correlation,LassoCV
0.5350153541755103,288,83,Pearson Correlation,LassoCV
0.5011681597437577,268,83,Pearson Correlation,LassoCV
0.5021483078584769,248,83,Pearson Correlation,LassoCV
0.462512298524802,228,83,Pearson Correlation,LassoCV
0.4596529436519585,208,83,Pearson Correlation,LassoCV
0.4362769560391462,188,83,Pearson Correlation,LassoCV
0.4424404132492243,168,83,Pearson Correlation,LassoCV
0.4401179311843075,148,83,Pearson Correlation,LassoCV
0.4444825247173198,128,83,Pearson Correlation,LassoCV
0.44057907593041695,108,83,Pearson Correlation,LassoCV
0.478538420217939,88,83,Pearson Correlation,LassoCV
0.4647575984306722,68,83,Pearson Correlation,LassoCV
0.42094099604210067,48,83,Pearson Correlation,LassoCV
0.5266996171900211,28,83,Pearson Correlation,LassoCV
0.49837855136159076,288,84,Pearson Correlation,LassoCV
0.5045362768723352,268,84,Pearson Correlation,LassoCV
0.500315990415566,248,84,Pearson Correlation,LassoCV
0.4993186182698268,228,84,Pearson Correlation,LassoCV
0.52815411210702,208,84,Pearson Correlation,LassoCV
0.537374989650461,188,84,Pearson Correlation,LassoCV
0.6317666841084376,168,84,Pearson Correlation,LassoCV
0.5821823984695413,148,84,Pearson Correlation,LassoCV
0.5647395489399518,128,84,Pearson Correlation,LassoCV
0.7194610336985595,108,84,Pearson Correlation,LassoCV
0.7220784000136714,88,84,Pearson Correlation,LassoCV
0.6993526822354541,68,84,Pearson Correlation,LassoCV
0.6663301790294627,48,84,Pearson Correlation,LassoCV
0.49861897608220823,28,84,Pearson Correlation,LassoCV
0.2985911713378144,288,85,Pearson Correlation,LassoCV
0.32115250498402603,268,85,Pearson Correlation,LassoCV
0.2785971785481309,248,85,Pearson Correlation,LassoCV
0.2804424000931489,228,85,Pearson Correlation,LassoCV
0.2850571326976941,208,85,Pearson Correlation,LassoCV
0.27512967495707813,188,85,Pearson Correlation,LassoCV
0.28992388111149153,168,85,Pearson Correlation,LassoCV
0.2628021263946483,148,85,Pearson Correlation,LassoCV
0.4108186099773831,128,85,Pearson Correlation,LassoCV
0.3363442133736096,108,85,Pearson Correlation,LassoCV
0.45449654650536786,88,85,Pearson Correlation,LassoCV
0.392417411128412,68,85,Pearson Correlation,LassoCV
0.3875375011488719,48,85,Pearson Correlation,LassoCV
0.2565417665062552,28,85,Pearson Correlation,LassoCV
0.3432339470087311,288,86,Pearson Correlation,LassoCV
0.365128294038845,268,86,Pearson Correlation,LassoCV
0.3766834007865763,248,86,Pearson Correlation,LassoCV
0.35129949403939253,228,86,Pearson Correlation,LassoCV
0.34831423967362407,208,86,Pearson Correlation,LassoCV
0.3753547352570088,188,86,Pearson Correlation,LassoCV
0.36961505128153577,168,86,Pearson Correlation,LassoCV
0.37173366332622465,148,86,Pearson Correlation,LassoCV
0.38421126444375364,128,86,Pearson Correlation,LassoCV
0.45867570332241625,108,86,Pearson Correlation,LassoCV
0.5035077497145773,88,86,Pearson Correlation,LassoCV
0.6222208987630483,68,86,Pearson Correlation,LassoCV
0.5736335872938931,48,86,Pearson Correlation,LassoCV
0.5450235150899949,28,86,Pearson Correlation,LassoCV
0.31520368675679394,288,87,Pearson Correlation,LassoCV
0.27041337959992834,268,87,Pearson Correlation,LassoCV
0.34111719583363026,248,87,Pearson Correlation,LassoCV
0.3412234027547349,228,87,Pearson Correlation,LassoCV
0.36471394521737494,208,87,Pearson Correlation,LassoCV
0.3358055696796765,188,87,Pearson Correlation,LassoCV
0.41322377304516467,168,87,Pearson Correlation,LassoCV
0.36868364448519203,148,87,Pearson Correlation,LassoCV
0.44674759211109133,128,87,Pearson Correlation,LassoCV
0.4843023585367893,108,87,Pearson Correlation,LassoCV
0.5073551825145818,88,87,Pearson Correlation,LassoCV
0.46827407330371607,68,87,Pearson Correlation,LassoCV
0.44264249722957594,48,87,Pearson Correlation,LassoCV
0.38033862847913613,28,87,Pearson Correlation,LassoCV
0.2638268760724986,288,88,Pearson Correlation,LassoCV
0.29552239556216975,268,88,Pearson Correlation,LassoCV
0.2963040792674794,248,88,Pearson Correlation,LassoCV
0.2937295153572752,228,88,Pearson Correlation,LassoCV
0.31378143504687245,208,88,Pearson Correlation,LassoCV
0.3031860156363751,188,88,Pearson Correlation,LassoCV
0.28602505144000134,168,88,Pearson Correlation,LassoCV
0.3098967196926508,148,88,Pearson Correlation,LassoCV
0.28532886373269606,128,88,Pearson Correlation,LassoCV
0.3770991407367575,108,88,Pearson Correlation,LassoCV
0.3349780100405944,88,88,Pearson Correlation,LassoCV
0.4864364754236144,68,88,Pearson Correlation,LassoCV
0.47638027769572866,48,88,Pearson Correlation,LassoCV
0.44154043982081453,28,88,Pearson Correlation,LassoCV
0.08755623452086343,288,89,Pearson Correlation,LassoCV
0.12121566339496,268,89,Pearson Correlation,LassoCV
0.11252106700820026,248,89,Pearson Correlation,LassoCV
0.09508732830111033,228,89,Pearson Correlation,LassoCV
0.12224607090536753,208,89,Pearson Correlation,LassoCV
0.13217647901880406,188,89,Pearson Correlation,LassoCV
0.11325120849456417,168,89,Pearson Correlation,LassoCV
0.1412494484349022,148,89,Pearson Correlation,LassoCV
0.1502543438353799,128,89,Pearson Correlation,LassoCV
0.06840828077169196,108,89,Pearson Correlation,LassoCV
0.06979002765750278,88,89,Pearson Correlation,LassoCV
0.08044734534869535,68,89,Pearson Correlation,LassoCV
0.08084311322785105,48,89,Pearson Correlation,LassoCV
0.08041950003465675,28,89,Pearson Correlation,LassoCV
0.41755161559841275,288,90,Pearson Correlation,LassoCV
0.407475260695317,268,90,Pearson Correlation,LassoCV
0.3963608430514103,248,90,Pearson Correlation,LassoCV
0.41737549551329467,228,90,Pearson Correlation,LassoCV
0.45288313049913437,208,90,Pearson Correlation,LassoCV
0.486693389798972,188,90,Pearson Correlation,LassoCV
0.5125930636085707,168,90,Pearson Correlation,LassoCV
0.4156411402188207,148,90,Pearson Correlation,LassoCV
0.4064683203666762,128,90,Pearson Correlation,LassoCV
0.39825167936097955,108,90,Pearson Correlation,LassoCV
0.47652306990388543,88,90,Pearson Correlation,LassoCV
0.6004855636428136,68,90,Pearson Correlation,LassoCV
0.587645021246818,48,90,Pearson Correlation,LassoCV
0.5778966984331396,28,90,Pearson Correlation,LassoCV
0.362880155335372,288,91,Pearson Correlation,LassoCV
0.39656343680570477,268,91,Pearson Correlation,LassoCV
0.35632417688336426,248,91,Pearson Correlation,LassoCV
0.39063873007200156,228,91,Pearson Correlation,LassoCV
0.4248853580241288,208,91,Pearson Correlation,LassoCV
0.39984753506785636,188,91,Pearson Correlation,LassoCV
0.35628481324320077,168,91,Pearson Correlation,LassoCV
0.3422551034060157,148,91,Pearson Correlation,LassoCV
0.3650160251743737,128,91,Pearson Correlation,LassoCV
0.35501800678746903,108,91,Pearson Correlation,LassoCV
0.44054180054316255,88,91,Pearson Correlation,LassoCV
0.35980313954681237,68,91,Pearson Correlation,LassoCV
0.27339180569850946,48,91,Pearson Correlation,LassoCV
0.2851879966788246,28,91,Pearson Correlation,LassoCV
0.44832248895028587,288,92,Pearson Correlation,LassoCV
0.4946421060398274,268,92,Pearson Correlation,LassoCV
0.4726198582902514,248,92,Pearson Correlation,LassoCV
0.4583428630750914,228,92,Pearson Correlation,LassoCV
0.45851798809103467,208,92,Pearson Correlation,LassoCV
0.5186809559385316,188,92,Pearson Correlation,LassoCV
0.49267431941603634,168,92,Pearson Correlation,LassoCV
0.525923884893531,148,92,Pearson Correlation,LassoCV
0.4218975014278786,128,92,Pearson Correlation,LassoCV
0.3878298469107377,108,92,Pearson Correlation,LassoCV
0.437826050485184,88,92,Pearson Correlation,LassoCV
0.43599081092927827,68,92,Pearson Correlation,LassoCV
0.4459260923416612,48,92,Pearson Correlation,LassoCV
0.5332080896818466,28,92,Pearson Correlation,LassoCV
0.33322005591897325,288,93,Pearson Correlation,LassoCV
0.3567547809781013,268,93,Pearson Correlation,LassoCV
0.3641022873575552,248,93,Pearson Correlation,LassoCV
0.36990901966809303,228,93,Pearson Correlation,LassoCV
0.3732841895418238,208,93,Pearson Correlation,LassoCV
0.379651074737184,188,93,Pearson Correlation,LassoCV
0.3956520798505397,168,93,Pearson Correlation,LassoCV
0.3605741756486567,148,93,Pearson Correlation,LassoCV
0.35952516687861547,128,93,Pearson Correlation,LassoCV
0.3508346460947318,108,93,Pearson Correlation,LassoCV
0.35657928059608407,88,93,Pearson Correlation,LassoCV
0.3630131304098698,68,93,Pearson Correlation,LassoCV
0.3282708305838615,48,93,Pearson Correlation,LassoCV
0.4683733793292475,28,93,Pearson Correlation,LassoCV
0.6525929504865418,288,94,Pearson Correlation,LassoCV
0.6422796551202082,268,94,Pearson Correlation,LassoCV
0.6378936776768881,248,94,Pearson Correlation,LassoCV
0.660024856794846,228,94,Pearson Correlation,LassoCV
0.6984317456897262,208,94,Pearson Correlation,LassoCV
0.7216584509937851,188,94,Pearson Correlation,LassoCV
0.7444368991911882,168,94,Pearson Correlation,LassoCV
0.7504135708476287,148,94,Pearson Correlation,LassoCV
0.6192835304187352,128,94,Pearson Correlation,LassoCV
0.6031210987859844,108,94,Pearson Correlation,LassoCV
0.7606715259997539,88,94,Pearson Correlation,LassoCV
0.4501857380967373,68,94,Pearson Correlation,LassoCV
0.4376911175697667,48,94,Pearson Correlation,LassoCV
0.4384252928734195,28,94,Pearson Correlation,LassoCV
0.5666272797796107,288,95,Pearson Correlation,LassoCV
0.5818272173945281,268,95,Pearson Correlation,LassoCV
0.5894181032549531,248,95,Pearson Correlation,LassoCV
0.5725535772009387,228,95,Pearson Correlation,LassoCV
0.600234645276305,208,95,Pearson Correlation,LassoCV
0.5892815339414641,188,95,Pearson Correlation,LassoCV
0.5879010648771413,168,95,Pearson Correlation,LassoCV
0.5827019535051149,148,95,Pearson Correlation,LassoCV
0.6380827442925279,128,95,Pearson Correlation,LassoCV
0.5892862524399988,108,95,Pearson Correlation,LassoCV
0.7141696452682599,88,95,Pearson Correlation,LassoCV
0.8133386837213575,68,95,Pearson Correlation,LassoCV
0.7389144610923545,48,95,Pearson Correlation,LassoCV
0.7353822496648578,28,95,Pearson Correlation,LassoCV
0.3555192055907952,288,96,Pearson Correlation,LassoCV
0.36242531635067454,268,96,Pearson Correlation,LassoCV
0.3556717322408833,248,96,Pearson Correlation,LassoCV
0.3647365677669363,228,96,Pearson Correlation,LassoCV
0.3761756239944119,208,96,Pearson Correlation,LassoCV
0.382686945100947,188,96,Pearson Correlation,LassoCV
0.35873415904848854,168,96,Pearson Correlation,LassoCV
0.3236687930310431,148,96,Pearson Correlation,LassoCV
0.3230170842107654,128,96,Pearson Correlation,LassoCV
0.28848745611647214,108,96,Pearson Correlation,LassoCV
0.29892885014937604,88,96,Pearson Correlation,LassoCV
0.3096867624389921,68,96,Pearson Correlation,LassoCV
0.2518847050000515,48,96,Pearson Correlation,LassoCV
0.26842464466181376,28,96,Pearson Correlation,LassoCV
0.40948709650460535,288,97,Pearson Correlation,LassoCV
0.4165579890057997,268,97,Pearson Correlation,LassoCV
0.4129436349087004,248,97,Pearson Correlation,LassoCV
0.4183494600608748,228,97,Pearson Correlation,LassoCV
0.4303771216006047,208,97,Pearson Correlation,LassoCV
0.44911066127501503,188,97,Pearson Correlation,LassoCV
0.4434053007871837,168,97,Pearson Correlation,LassoCV
0.45521674863047273,148,97,Pearson Correlation,LassoCV
0.4848461929389334,128,97,Pearson Correlation,LassoCV
0.4666545283344439,108,97,Pearson Correlation,LassoCV
0.4268567669015912,88,97,Pearson Correlation,LassoCV
0.43711902199296676,68,97,Pearson Correlation,LassoCV
0.3581874412052688,48,97,Pearson Correlation,LassoCV
0.46590090561835656,28,97,Pearson Correlation,LassoCV
0.28670299716595543,288,98,Pearson Correlation,LassoCV
0.23481844465336313,268,98,Pearson Correlation,LassoCV
0.2241807438509625,248,98,Pearson Correlation,LassoCV
0.2503933016923217,228,98,Pearson Correlation,LassoCV
0.23248393243201884,208,98,Pearson Correlation,LassoCV
0.26620649060780366,188,98,Pearson Correlation,LassoCV
0.2756704166902488,168,98,Pearson Correlation,LassoCV
0.2874788115377773,148,98,Pearson Correlation,LassoCV
0.4246359081163405,128,98,Pearson Correlation,LassoCV
0.35962911630246924,108,98,Pearson Correlation,LassoCV
0.4388955566767115,88,98,Pearson Correlation,LassoCV
0.4263767797915092,68,98,Pearson Correlation,LassoCV
0.41355180628685084,48,98,Pearson Correlation,LassoCV
0.36742419933832915,28,98,Pearson Correlation,LassoCV
0.4248814150243796,288,99,Pearson Correlation,LassoCV
0.4462978984472638,268,99,Pearson Correlation,LassoCV
0.45279977642730485,248,99,Pearson Correlation,LassoCV
0.45831463441341186,228,99,Pearson Correlation,LassoCV
0.4681166696086161,208,99,Pearson Correlation,LassoCV
0.4885871338833345,188,99,Pearson Correlation,LassoCV
0.47151538198741916,168,99,Pearson Correlation,LassoCV
0.45359513497269993,148,99,Pearson Correlation,LassoCV
0.46691303108204557,128,99,Pearson Correlation,LassoCV
0.4570917348894385,108,99,Pearson Correlation,LassoCV
0.5901015931178035,88,99,Pearson Correlation,LassoCV
0.40617099178906524,68,99,Pearson Correlation,LassoCV
0.3741222118944565,48,99,Pearson Correlation,LassoCV
0.3855393729910917,28,99,Pearson Correlation,LassoCV
0.5784072726043252,288,100,Pearson Correlation,LassoCV
0.5864600936738583,268,100,Pearson Correlation,LassoCV
0.6218486580644114,248,100,Pearson Correlation,LassoCV
0.600884284786657,228,100,Pearson Correlation,LassoCV
0.5677356512167828,208,100,Pearson Correlation,LassoCV
0.5984251452585193,188,100,Pearson Correlation,LassoCV
0.5998004391405553,168,100,Pearson Correlation,LassoCV
0.5245428062106824,148,100,Pearson Correlation,LassoCV
0.5380168019137436,128,100,Pearson Correlation,LassoCV
0.5570868258327261,108,100,Pearson Correlation,LassoCV
0.5080127600668042,88,100,Pearson Correlation,LassoCV
0.48830747013470327,68,100,Pearson Correlation,LassoCV
0.3774371344250072,48,100,Pearson Correlation,LassoCV
0.5888151516667862,28,100,Pearson Correlation,LassoCV
0.47961254711263646,288,101,Pearson Correlation,LassoCV
0.492512448023616,268,101,Pearson Correlation,LassoCV
0.48188427796666283,248,101,Pearson Correlation,LassoCV
0.47352934672709024,228,101,Pearson Correlation,LassoCV
0.461902243244142,208,101,Pearson Correlation,LassoCV
0.4708518564158343,188,101,Pearson Correlation,LassoCV
0.4807397298184786,168,101,Pearson Correlation,LassoCV
0.468742079299083,148,101,Pearson Correlation,LassoCV
0.46796372974843886,128,101,Pearson Correlation,LassoCV
0.5127131941075583,108,101,Pearson Correlation,LassoCV
0.5032810768369493,88,101,Pearson Correlation,LassoCV
0.49919845755407316,68,101,Pearson Correlation,LassoCV
0.40684733592153277,48,101,Pearson Correlation,LassoCV
0.5031964931009406,28,101,Pearson Correlation,LassoCV
0.2734790947679787,288,102,Pearson Correlation,LassoCV
0.17540201185293022,268,102,Pearson Correlation,LassoCV
0.12944884700794648,248,102,Pearson Correlation,LassoCV
0.14982454642326418,228,102,Pearson Correlation,LassoCV
0.15367065590182982,208,102,Pearson Correlation,LassoCV
0.15115749319995028,188,102,Pearson Correlation,LassoCV
0.14352720584921633,168,102,Pearson Correlation,LassoCV
0.15029145952303025,148,102,Pearson Correlation,LassoCV
0.16810595618846022,128,102,Pearson Correlation,LassoCV
0.08022585570538561,108,102,Pearson Correlation,LassoCV
0.08104870871849756,88,102,Pearson Correlation,LassoCV
0.1211699985749422,68,102,Pearson Correlation,LassoCV
0.08170958385505084,48,102,Pearson Correlation,LassoCV
0.09100682054191606,28,102,Pearson Correlation,LassoCV
0.32499142946901466,288,103,Pearson Correlation,LassoCV
0.3484602857789512,268,103,Pearson Correlation,LassoCV
0.33507742641314886,248,103,Pearson Correlation,LassoCV
0.30644382624606703,228,103,Pearson Correlation,LassoCV
0.34925148806904377,208,103,Pearson Correlation,LassoCV
0.31244466527178866,188,103,Pearson Correlation,LassoCV
0.2918855913598057,168,103,Pearson Correlation,LassoCV
0.3277294311302563,148,103,Pearson Correlation,LassoCV
0.3709504782671124,128,103,Pearson Correlation,LassoCV
0.33276032963355867,108,103,Pearson Correlation,LassoCV
0.3613674225117001,88,103,Pearson Correlation,LassoCV
0.33458215393853036,68,103,Pearson Correlation,LassoCV
0.5964378266929287,48,103,Pearson Correlation,LassoCV
0.6116886925849045,28,103,Pearson Correlation,LassoCV
0.43868698166172854,288,104,Pearson Correlation,LassoCV
0.4671181325567746,268,104,Pearson Correlation,LassoCV
0.47240783864745434,248,104,Pearson Correlation,LassoCV
0.4792762778868193,228,104,Pearson Correlation,LassoCV
0.4804585366458623,208,104,Pearson Correlation,LassoCV
0.48139451388463583,188,104,Pearson Correlation,LassoCV
0.47728232100176343,168,104,Pearson Correlation,LassoCV
0.5458232483300179,148,104,Pearson Correlation,LassoCV
0.49496314297242217,128,104,Pearson Correlation,LassoCV
0.4750283832906965,108,104,Pearson Correlation,LassoCV
0.5094008896981175,88,104,Pearson Correlation,LassoCV
0.47196631154696506,68,104,Pearson Correlation,LassoCV
0.39920026570148665,48,104,Pearson Correlation,LassoCV
0.45115985930605085,28,104,Pearson Correlation,LassoCV
0.48030063307021736,288,105,Pearson Correlation,LassoCV
0.47980930330526217,268,105,Pearson Correlation,LassoCV
0.4860414323402109,248,105,Pearson Correlation,LassoCV
0.48604703894039974,228,105,Pearson Correlation,LassoCV
0.5280819340784565,208,105,Pearson Correlation,LassoCV
0.5062255389195172,188,105,Pearson Correlation,LassoCV
0.5419480418260663,168,105,Pearson Correlation,LassoCV
0.46802758467199307,148,105,Pearson Correlation,LassoCV
0.5019255074943851,128,105,Pearson Correlation,LassoCV
0.4064210759136289,108,105,Pearson Correlation,LassoCV
0.537804948685528,88,105,Pearson Correlation,LassoCV
0.36631363923280275,68,105,Pearson Correlation,LassoCV
0.3544153874555031,48,105,Pearson Correlation,LassoCV
0.36960226392332274,28,105,Pearson Correlation,LassoCV
0.41383081174128494,288,106,Pearson Correlation,LassoCV
0.36963793274979034,268,106,Pearson Correlation,LassoCV
0.37974642017380605,248,106,Pearson Correlation,LassoCV
0.34580140620430494,228,106,Pearson Correlation,LassoCV
0.37990301850457375,208,106,Pearson Correlation,LassoCV
0.4438371920454242,188,106,Pearson Correlation,LassoCV
0.474432547868798,168,106,Pearson Correlation,LassoCV
0.5715216578578347,148,106,Pearson Correlation,LassoCV
0.46506545745607347,128,106,Pearson Correlation,LassoCV
0.3925261263007598,108,106,Pearson Correlation,LassoCV
0.40984977517603105,88,106,Pearson Correlation,LassoCV
0.5449481338103076,68,106,Pearson Correlation,LassoCV
0.5487204588268216,48,106,Pearson Correlation,LassoCV
0.494062100595356,28,106,Pearson Correlation,LassoCV
0.33416408395296004,288,107,Pearson Correlation,LassoCV
0.3267283124888596,268,107,Pearson Correlation,LassoCV
0.3213757286988686,248,107,Pearson Correlation,LassoCV
0.32652486140223025,228,107,Pearson Correlation,LassoCV
0.3282954986650088,208,107,Pearson Correlation,LassoCV
0.3418639149625782,188,107,Pearson Correlation,LassoCV
0.32700806110340147,168,107,Pearson Correlation,LassoCV
0.2976346625864621,148,107,Pearson Correlation,LassoCV
0.33663853432457563,128,107,Pearson Correlation,LassoCV
0.3359764619169434,108,107,Pearson Correlation,LassoCV
0.3132882492882761,88,107,Pearson Correlation,LassoCV
0.39349224235206387,68,107,Pearson Correlation,LassoCV
0.5088770236607636,48,107,Pearson Correlation,LassoCV
0.4654346708206794,28,107,Pearson Correlation,LassoCV
0.23336304138084477,288,108,Pearson Correlation,LassoCV
0.24183690540298727,268,108,Pearson Correlation,LassoCV
0.3522279248863857,248,108,Pearson Correlation,LassoCV
0.31636867328351115,228,108,Pearson Correlation,LassoCV
0.2424944448023804,208,108,Pearson Correlation,LassoCV
0.35992363752089856,188,108,Pearson Correlation,LassoCV
0.3178877062463857,168,108,Pearson Correlation,LassoCV
0.21759095075609394,148,108,Pearson Correlation,LassoCV
0.21840373258920542,128,108,Pearson Correlation,LassoCV
0.22507787095759957,108,108,Pearson Correlation,LassoCV
0.24903163743734832,88,108,Pearson Correlation,LassoCV
0.6318176879562892,68,108,Pearson Correlation,LassoCV
0.4899809009455464,48,108,Pearson Correlation,LassoCV
0.34183693625798545,28,108,Pearson Correlation,LassoCV
0.3628553764811791,288,109,Pearson Correlation,LassoCV
0.3749223369459549,268,109,Pearson Correlation,LassoCV
0.3783533378034238,248,109,Pearson Correlation,LassoCV
0.4045860628098617,228,109,Pearson Correlation,LassoCV
0.44402156501681844,208,109,Pearson Correlation,LassoCV
0.44707803623309816,188,109,Pearson Correlation,LassoCV
0.42085855099859887,168,109,Pearson Correlation,LassoCV
0.47382343109931413,148,109,Pearson Correlation,LassoCV
0.4411246480662931,128,109,Pearson Correlation,LassoCV
0.4681646318504895,108,109,Pearson Correlation,LassoCV
0.47989532611644686,88,109,Pearson Correlation,LassoCV
0.5638919640671397,68,109,Pearson Correlation,LassoCV
0.5835694233764356,48,109,Pearson Correlation,LassoCV
0.6342870483931035,28,109,Pearson Correlation,LassoCV
0.580659326502397,288,110,Pearson Correlation,LassoCV
0.5818427670226224,268,110,Pearson Correlation,LassoCV
0.5834226059419336,248,110,Pearson Correlation,LassoCV
0.5910742679760133,228,110,Pearson Correlation,LassoCV
0.5878386950158078,208,110,Pearson Correlation,LassoCV
0.592563827786555,188,110,Pearson Correlation,LassoCV
0.5817621042864984,168,110,Pearson Correlation,LassoCV
0.5743486519216209,148,110,Pearson Correlation,LassoCV
0.6241686539966184,128,110,Pearson Correlation,LassoCV
0.6481775569866742,108,110,Pearson Correlation,LassoCV
0.6904621718978028,88,110,Pearson Correlation,LassoCV
0.6619906923560771,68,110,Pearson Correlation,LassoCV
0.6264323578715658,48,110,Pearson Correlation,LassoCV
0.6067119387551351,28,110,Pearson Correlation,LassoCV
0.6130655977589127,288,111,Pearson Correlation,LassoCV
0.6465066480455707,268,111,Pearson Correlation,LassoCV
0.6042403203422652,248,111,Pearson Correlation,LassoCV
0.6359290355778937,228,111,Pearson Correlation,LassoCV
0.6576627590685605,208,111,Pearson Correlation,LassoCV
0.6660810077057064,188,111,Pearson Correlation,LassoCV
0.6578557887390312,168,111,Pearson Correlation,LassoCV
0.6736105128622111,148,111,Pearson Correlation,LassoCV
0.64452401665009,128,111,Pearson Correlation,LassoCV
0.6665900021467764,108,111,Pearson Correlation,LassoCV
0.6776152426103726,88,111,Pearson Correlation,LassoCV
0.7813318878816128,68,111,Pearson Correlation,LassoCV
0.7533421131262276,48,111,Pearson Correlation,LassoCV
0.6502393294518871,28,111,Pearson Correlation,LassoCV
0.40757659813314034,288,112,Pearson Correlation,LassoCV
0.4055732878628546,268,112,Pearson Correlation,LassoCV
0.4026713119230712,248,112,Pearson Correlation,LassoCV
0.41780812484938795,228,112,Pearson Correlation,LassoCV
0.40791647337759285,208,112,Pearson Correlation,LassoCV
0.39540804811463676,188,112,Pearson Correlation,LassoCV
0.46656777937197735,168,112,Pearson Correlation,LassoCV
0.4597325061354067,148,112,Pearson Correlation,LassoCV
0.4555441298185003,128,112,Pearson Correlation,LassoCV
0.45402617468359496,108,112,Pearson Correlation,LassoCV
0.4810303736161074,88,112,Pearson Correlation,LassoCV
0.519257237621309,68,112,Pearson Correlation,LassoCV
0.4974018764333488,48,112,Pearson Correlation,LassoCV
0.7309109101121382,28,112,Pearson Correlation,LassoCV
0.36039031842750685,288,113,Pearson Correlation,LassoCV
0.32420764824110265,268,113,Pearson Correlation,LassoCV
0.3456548908395758,248,113,Pearson Correlation,LassoCV
0.37752217917861136,228,113,Pearson Correlation,LassoCV
0.3823637315511063,208,113,Pearson Correlation,LassoCV
0.3746064453014462,188,113,Pearson Correlation,LassoCV
0.3986804104914345,168,113,Pearson Correlation,LassoCV
0.40496802688721506,148,113,Pearson Correlation,LassoCV
0.37291103932215125,128,113,Pearson Correlation,LassoCV
0.4754870816734957,108,113,Pearson Correlation,LassoCV
0.6590607165904954,88,113,Pearson Correlation,LassoCV
0.46196099489360526,68,113,Pearson Correlation,LassoCV
0.48474839826391314,48,113,Pearson Correlation,LassoCV
0.5763630888343868,28,113,Pearson Correlation,LassoCV
0.5460690191053404,288,114,Pearson Correlation,LassoCV
0.5393782745599688,268,114,Pearson Correlation,LassoCV
0.5155981217389624,248,114,Pearson Correlation,LassoCV
0.5648641704621239,228,114,Pearson Correlation,LassoCV
0.5626478865449278,208,114,Pearson Correlation,LassoCV
0.555703076501073,188,114,Pearson Correlation,LassoCV
0.5539212460219435,168,114,Pearson Correlation,LassoCV
0.5478438943242369,148,114,Pearson Correlation,LassoCV
0.5295393357013358,128,114,Pearson Correlation,LassoCV
0.5680970993605184,108,114,Pearson Correlation,LassoCV
0.5838512375810253,88,114,Pearson Correlation,LassoCV
0.7709404280599083,68,114,Pearson Correlation,LassoCV
0.7477426137166074,48,114,Pearson Correlation,LassoCV
0.6218351736073612,28,114,Pearson Correlation,LassoCV
0.24206229952157318,288,115,Pearson Correlation,LassoCV
0.24309293241582833,268,115,Pearson Correlation,LassoCV
0.2496352929569818,248,115,Pearson Correlation,LassoCV
0.24795301263219413,228,115,Pearson Correlation,LassoCV
0.2481446837950042,208,115,Pearson Correlation,LassoCV
0.2424405106921977,188,115,Pearson Correlation,LassoCV
0.24150227179306563,168,115,Pearson Correlation,LassoCV
0.29077655758240933,148,115,Pearson Correlation,LassoCV
0.2787404580962277,128,115,Pearson Correlation,LassoCV
0.2607831881065658,108,115,Pearson Correlation,LassoCV
0.2759774733917894,88,115,Pearson Correlation,LassoCV
0.2787322680923576,68,115,Pearson Correlation,LassoCV
0.24801301918894972,48,115,Pearson Correlation,LassoCV
0.3552123244063546,28,115,Pearson Correlation,LassoCV
0.3426547482251138,288,116,Pearson Correlation,LassoCV
0.32945801322818474,268,116,Pearson Correlation,LassoCV
0.33368859075820145,248,116,Pearson Correlation,LassoCV
0.36996431823211,228,116,Pearson Correlation,LassoCV
0.37479448948157906,208,116,Pearson Correlation,LassoCV
0.364743676077021,188,116,Pearson Correlation,LassoCV
0.4051064750194035,168,116,Pearson Correlation,LassoCV
0.3665827324740383,148,116,Pearson Correlation,LassoCV
0.3255662594088435,128,116,Pearson Correlation,LassoCV
0.6407188808643206,108,116,Pearson Correlation,LassoCV
0.40605611861750157,88,116,Pearson Correlation,LassoCV
0.4058159120183702,68,116,Pearson Correlation,LassoCV
0.47243272625813565,48,116,Pearson Correlation,LassoCV
0.4575046864490253,28,116,Pearson Correlation,LassoCV
0.5713892460247926,288,117,Pearson Correlation,LassoCV
0.5638597228045142,268,117,Pearson Correlation,LassoCV
0.5540962966262724,248,117,Pearson Correlation,LassoCV
0.5718336615153122,228,117,Pearson Correlation,LassoCV
0.5821158707005476,208,117,Pearson Correlation,LassoCV
0.5766983008008877,188,117,Pearson Correlation,LassoCV
0.5863904359255424,168,117,Pearson Correlation,LassoCV
0.5704724745692863,148,117,Pearson Correlation,LassoCV
0.5677571722033105,128,117,Pearson Correlation,LassoCV
0.5899646661350618,108,117,Pearson Correlation,LassoCV
0.601998678126204,88,117,Pearson Correlation,LassoCV
0.8024228619722389,68,117,Pearson Correlation,LassoCV
0.6421106935566748,48,117,Pearson Correlation,LassoCV
0.6856304959673502,28,117,Pearson Correlation,LassoCV
0.2343344190276103,288,118,Pearson Correlation,LassoCV
0.23818554204232936,268,118,Pearson Correlation,LassoCV
0.23937480645867185,248,118,Pearson Correlation,LassoCV
0.2985455195695755,228,118,Pearson Correlation,LassoCV
0.41146650054094663,208,118,Pearson Correlation,LassoCV
0.29479105777133946,188,118,Pearson Correlation,LassoCV
0.30322298887930543,168,118,Pearson Correlation,LassoCV
0.2936065116999664,148,118,Pearson Correlation,LassoCV
0.3008622979777813,128,118,Pearson Correlation,LassoCV
0.27122186671829507,108,118,Pearson Correlation,LassoCV
0.29732997823565,88,118,Pearson Correlation,LassoCV
0.2920161301159752,68,118,Pearson Correlation,LassoCV
0.3001527372165526,48,118,Pearson Correlation,LassoCV
0.37202881761209844,28,118,Pearson Correlation,LassoCV
0.27102049444117937,288,119,Pearson Correlation,LassoCV
0.274821315747281,268,119,Pearson Correlation,LassoCV
0.2705006218637238,248,119,Pearson Correlation,LassoCV
0.27326238646424006,228,119,Pearson Correlation,LassoCV
0.2683013926221516,208,119,Pearson Correlation,LassoCV
0.2664895857128173,188,119,Pearson Correlation,LassoCV
0.26671942244810654,168,119,Pearson Correlation,LassoCV
0.2659368674385375,148,119,Pearson Correlation,LassoCV
0.38396762346024316,128,119,Pearson Correlation,LassoCV
0.43050544387709105,108,119,Pearson Correlation,LassoCV
0.5270781703512746,88,119,Pearson Correlation,LassoCV
0.46971202117530764,68,119,Pearson Correlation,LassoCV
0.43880050849218505,48,119,Pearson Correlation,LassoCV
0.42734359743731015,28,119,Pearson Correlation,LassoCV
0.408514480892179,288,120,Pearson Correlation,LassoCV
0.41886768063828544,268,120,Pearson Correlation,LassoCV
0.44440091799158904,248,120,Pearson Correlation,LassoCV
0.45761143914928065,228,120,Pearson Correlation,LassoCV
0.4648499787102261,208,120,Pearson Correlation,LassoCV
0.48796770440369297,188,120,Pearson Correlation,LassoCV
0.5494145109652925,168,120,Pearson Correlation,LassoCV
0.5104813238484714,148,120,Pearson Correlation,LassoCV
0.5133377067948702,128,120,Pearson Correlation,LassoCV
0.4979876508658909,108,120,Pearson Correlation,LassoCV
0.5223202990422205,88,120,Pearson Correlation,LassoCV
0.5013028345272162,68,120,Pearson Correlation,LassoCV
0.499208558199167,48,120,Pearson Correlation,LassoCV
0.3957756023626946,28,120,Pearson Correlation,LassoCV
0.4465216384491972,288,121,Pearson Correlation,LassoCV
0.4642788105915347,268,121,Pearson Correlation,LassoCV
0.4442196405219619,248,121,Pearson Correlation,LassoCV
0.44629237382424,228,121,Pearson Correlation,LassoCV
0.44819108316113937,208,121,Pearson Correlation,LassoCV
0.540274376087574,188,121,Pearson Correlation,LassoCV
0.5296104185375944,168,121,Pearson Correlation,LassoCV
0.4960517578462386,148,121,Pearson Correlation,LassoCV
0.48826512185869214,128,121,Pearson Correlation,LassoCV
0.45485681908087994,108,121,Pearson Correlation,LassoCV
0.45896875487455463,88,121,Pearson Correlation,LassoCV
0.41094950949860004,68,121,Pearson Correlation,LassoCV
0.3777811788018006,48,121,Pearson Correlation,LassoCV
0.6718366432483331,28,121,Pearson Correlation,LassoCV
0.26083271637078526,288,122,Pearson Correlation,LassoCV
0.24746420028392957,268,122,Pearson Correlation,LassoCV
0.2605147102308559,248,122,Pearson Correlation,LassoCV
0.24517074836616315,228,122,Pearson Correlation,LassoCV
0.2616334162725619,208,122,Pearson Correlation,LassoCV
0.22626486588632436,188,122,Pearson Correlation,LassoCV
0.2575694376862398,168,122,Pearson Correlation,LassoCV
0.29407169033108765,148,122,Pearson Correlation,LassoCV
0.3132835763447945,128,122,Pearson Correlation,LassoCV
0.2643439381230203,108,122,Pearson Correlation,LassoCV
0.4106132738425121,88,122,Pearson Correlation,LassoCV
0.27356575808843364,68,122,Pearson Correlation,LassoCV
0.27739646602980456,48,122,Pearson Correlation,LassoCV
0.4766517942690474,28,122,Pearson Correlation,LassoCV
0.45840237102188874,288,123,Pearson Correlation,LassoCV
0.500546534797134,268,123,Pearson Correlation,LassoCV
0.5175473116397727,248,123,Pearson Correlation,LassoCV
0.5212279773828424,228,123,Pearson Correlation,LassoCV
0.4855677885631671,208,123,Pearson Correlation,LassoCV
0.4634766340005572,188,123,Pearson Correlation,LassoCV
0.5624681895232001,168,123,Pearson Correlation,LassoCV
0.42390051146804275,148,123,Pearson Correlation,LassoCV
0.424893896578528,128,123,Pearson Correlation,LassoCV
0.513105005511524,108,123,Pearson Correlation,LassoCV
0.5875334345015731,88,123,Pearson Correlation,LassoCV
0.583639510070003,68,123,Pearson Correlation,LassoCV
0.4771885755441067,48,123,Pearson Correlation,LassoCV
0.5585116631084283,28,123,Pearson Correlation,LassoCV
0.3768417882928272,288,124,Pearson Correlation,LassoCV
0.3927237393428558,268,124,Pearson Correlation,LassoCV
0.42045414476523507,248,124,Pearson Correlation,LassoCV
0.40044319940059,228,124,Pearson Correlation,LassoCV
0.41857140630881445,208,124,Pearson Correlation,LassoCV
0.4350437176875175,188,124,Pearson Correlation,LassoCV
0.41605222126861446,168,124,Pearson Correlation,LassoCV
0.39006699792338156,148,124,Pearson Correlation,LassoCV
0.33324102933337457,128,124,Pearson Correlation,LassoCV
0.34548134964455673,108,124,Pearson Correlation,LassoCV
0.3775261457277486,88,124,Pearson Correlation,LassoCV
0.36641199184024936,68,124,Pearson Correlation,LassoCV
0.37769190643391964,48,124,Pearson Correlation,LassoCV
0.7006495005771637,28,124,Pearson Correlation,LassoCV
0.30923513300890354,288,125,Pearson Correlation,LassoCV
0.2691059010411725,268,125,Pearson Correlation,LassoCV
0.2871727041821346,248,125,Pearson Correlation,LassoCV
0.2687366936988334,228,125,Pearson Correlation,LassoCV
0.31551051925372425,208,125,Pearson Correlation,LassoCV
0.2948548134991027,188,125,Pearson Correlation,LassoCV
0.27733666603187745,168,125,Pearson Correlation,LassoCV
0.24778914271365507,148,125,Pearson Correlation,LassoCV
0.2928998957023606,128,125,Pearson Correlation,LassoCV
0.2840662571101319,108,125,Pearson Correlation,LassoCV
0.38571684376358695,88,125,Pearson Correlation,LassoCV
0.2240890252442722,68,125,Pearson Correlation,LassoCV
0.23649828812224763,48,125,Pearson Correlation,LassoCV
0.33275504358370944,28,125,Pearson Correlation,LassoCV
0.6544281786013674,288,126,Pearson Correlation,LassoCV
0.6490060059051449,268,126,Pearson Correlation,LassoCV
0.6910613321273488,248,126,Pearson Correlation,LassoCV
0.692171477419445,228,126,Pearson Correlation,LassoCV
0.698175523101383,208,126,Pearson Correlation,LassoCV
0.6996761476106421,188,126,Pearson Correlation,LassoCV
0.6791922537690994,168,126,Pearson Correlation,LassoCV
0.7350431991156908,148,126,Pearson Correlation,LassoCV
0.7207801234936975,128,126,Pearson Correlation,LassoCV
0.6929040174318418,108,126,Pearson Correlation,LassoCV
0.7654875243868774,88,126,Pearson Correlation,LassoCV
0.7534408125432153,68,126,Pearson Correlation,LassoCV
0.7284863012061701,48,126,Pearson Correlation,LassoCV
0.7707552222218808,28,126,Pearson Correlation,LassoCV
